HYBAS_ID,monthly_mean,monthly_min,monthly_max,monthly_variation,yearly_value,total_area
1050011180,84.14797949829902,30.864024935375134,100.00000000000004,69.13597506462492,100.0,1546111.6730980396
1050011420,83.95654837217967,28.49579029036393,100.0,71.50420970963607,100.0,2408337.869803925
1050011660,93.38337484635115,75.47800401359783,100.00000000000009,24.52199598640226,100.00000000000009,1177812.9034117635
1050011670,88.91324587354313,31.172099291138142,100.00000000000004,68.8279007088619,100.0,1866685.4950196063
1050011970,88.95653381867622,40.81032138794393,100.00000000000004,59.18967861205611,100.00000000000004,106763.30054901952
1050012030,83.38964697282513,11.411979560285978,100.0,88.58802043971403,100.0,1799454.5469803931
1050012690,86.99178019613686,29.00711985861765,100.0,70.99288014138236,100.0,1154644.7829019595
1050012820,88.09248205708626,23.18491613820683,100.0000000000002,76.81508386179337,100.00000000000011,3387112.9318039217
1050014230,82.85085950889857,27.979444143304065,100.0,72.02055585669594,100.0,649171.9000784322
1050014920,98.33175740915702,83.7601842431291,99.99999999999989,16.239815756870783,99.99999999999996,5399996.663921574
1050015030,92.07779245543593,64.06598997682987,99.99999999999991,35.934010023170046,100.0,1522906.5864313776
1050015850,99.99279232541251,99.91350790495083,99.99999999999994,0.08649209504910971,99.99999999999994,581902.8891764707
1050016760,99.84805051433382,98.50953026321528,99.99999999999996,1.490469736784675,99.99999999999996,1834384.569372548
1050016850,99.03137690938841,88.6009082776228,100.00000000000016,11.39909172237735,100.00000000000016,3188225.6867843075
1050018110,100.0,99.99999999999996,100.00000000000004,8.526512829121202e-14,100.0,633.5342352941171
1050018120,95.59492562313163,49.54358408291185,100.0,50.45641591708815,99.99999999999974,3133118.846705892
1050018130,99.99323587540363,99.91883050484324,100.00000000000004,0.08116949515680005,100.0,659333.757490197
1050018310,97.99884893535096,77.56790423965813,100.00000000000009,22.43209576034195,100.00000000000004,2077753.5209803944
1050020240,12.763549980268698,0.0485457862270224,29.14103348280485,29.092487696577827,73.82837606707373,6001643.814862755
1050036870,94.32241519063676,50.267568537102505,100.0,49.732431462897495,99.99999999999996,1128136.882470589
1050038850,58.45295632287312,6.93766892377027,99.26328497976998,92.3256160559997,100.0,1341682.3680784306
1050039250,70.88610560403859,11.940455092324722,99.99913067672756,88.05867558440283,99.99999999999996,1888825.540627452
1050040030,99.24840228805398,90.98082745664786,100.00000000000004,9.019172543352184,100.0,4514.443960784313
1050041770,85.27803838348359,20.10443245548632,99.99715511664786,79.89272266116154,100.0,913197.7852549012
1050042150,99.9310523313299,99.3419292960696,99.99999999999982,0.6580707039302212,99.99999999999967,6597520.912941176
1051214380,69.51926146721148,27.008889543983365,99.99999999999991,72.99111045601654,100.0,8233277.690274513
1051228680,55.87263532404517,6.214638738404045,100.00000000000004,93.785361261596,100.00000000000004,1181681.3026666667
1051244040,45.00581052637139,4.09201679890684,96.2005451604394,92.10852836153256,99.98993866482184,2256261.1818431416
1051251800,35.51350576025411,0.1660566438941952,94.5066653421283,94.3406086982341,99.42910921355296,1139810.261294116
1051262460,25.905007835570444,0.00010706364019634577,61.25127854289792,61.25117147925773,96.2576664277485,861682.8438823537
1051327980,76.85678689792927,28.872043623596376,100.0,71.12795637640363,100.0,3207903.031803923
1051344010,74.68501432736194,25.402741263771706,100.00000000000004,74.59725873622834,100.0,1361457.5014509782
1051355140,69.23273037843009,0.0096971994947553,100.0,99.99030280050525,100.0,2335738.030274508
1051363500,67.48645928109211,6.650387505401619,100.00000000000004,93.34961249459842,100.00000000000004,953838.0637254898
1051419860,84.05592002649702,35.60193671216438,100.00000000000004,64.39806328783567,100.0,1004545.3586274524
1051419980,85.99281650980176,33.46480250393341,100.00000000000004,66.53519749606663,100.00000000000004,1046169.1529803906
1051428730,81.28723507080731,21.674914083546486,100.0,78.32508591645352,100.00000000000004,1010131.1874901948
1051429650,89.58994681371648,55.23145079230889,100.00000000000004,44.76854920769115,100.0,1747253.8165098056
1051431680,74.58199123682918,0.8227330870975926,100.00000000000009,99.1772669129025,99.99999999999996,1985960.2267843145
1051431940,86.36116193027873,29.827955259747576,100.00000000000004,70.17204474025246,100.0,79751.14313725491
1051438780,80.84654820646858,2.4652559104518588,100.00000000000016,97.5347440895483,100.00000000000016,6658060.428509805
1051443680,86.82255353595549,12.27969597236588,100.00000000000009,87.7203040276342,100.00000000000009,977767.512431372
1051453390,85.14455449061987,6.424571243602614,100.00000000000004,93.57542875639743,99.99999999999996,721056.4816862731
1051457550,85.21252548005513,9.746799292809465,100.0,90.25320070719053,100.0,1077349.0260784298
1051472390,85.14949423277464,32.04628840719502,99.91254348627628,67.86625507908126,99.99999999999996,4456122.081333336
1051473880,90.93268767589946,45.69779123970239,100.00000000000024,54.30220876029785,100.00000000000004,8548785.880705878
1051473950,90.42567772959478,43.19590278203143,100.00000000000004,56.80409721796861,100.0,1407292.7392156883
1051474590,95.25047104390957,71.4378690066755,100.0,28.5621309933245,100.0,1250450.6372549045
1051478770,85.41292510528308,7.349982485543357,99.9999999999999,92.65001751445655,99.99999999999986,4614886.721058829
1051479540,90.51470624811957,46.89712691321405,100.0,53.10287308678595,99.99999999999996,6056292.977725511
1051479650,82.86454528983592,0.0,100.00000000000004,100.00000000000004,99.99999999999996,134321.54298039209
1051487890,95.0680814178114,73.98101308161928,100.00000000000004,26.01898691838076,100.0,1361090.969019609
1051494710,99.5208203913461,94.35779997887532,100.00000000000009,5.642200021124765,99.99999999999996,65303.80003921568
1051494890,98.50577131935772,85.1262487421868,100.00000000000004,14.87375125781324,100.00000000000004,1235409.3589019612
1051515680,86.84083459573024,19.07081673703191,100.00000000000011,80.9291832629682,100.00000000000004,5632811.784627446
1051518160,95.01549969331809,60.28466385569574,100.00000000000004,39.7153361443043,100.0,89838.01619607842
1051518250,91.53168173226801,42.35427933650089,100.00000000000016,57.64572066349927,100.00000000000016,2876212.5091372533
1051548220,87.38215489996004,15.956302926198324,100.00000000000004,84.04369707380172,100.00000000000004,3122995.1952549005
1051548260,95.27135728766848,71.01153428970153,100.0,28.98846571029847,99.99999999999996,277842.56764705875
1051548450,90.71506374567618,18.674264600251,100.00000000000004,81.32573539974905,100.0,96425.46098039212
1051548460,90.74789719225241,43.18697621875835,100.0,56.81302378124165,99.9999999999998,6651800.208392167
1051548750,88.59089546140223,29.490198139338062,100.00000000000009,70.50980186066202,100.00000000000004,2106202.762117645
1051548760,97.59407789426378,72.76100943610692,100.0,27.238990563893083,99.99999999999996,69852.83141176471
1051550000,97.6697790429079,72.3057546296517,100.00000000000009,27.694245370348384,100.00000000000004,368299.5927058824
1051551850,90.90546132606623,44.16061346880713,100.00000000000009,55.83938653119296,100.00000000000009,1409098.219607842
1051552590,90.14513503403346,55.77961357565895,100.00000000000004,44.22038642434109,100.00000000000004,1756030.2867058818
1051569100,94.98915645200098,52.09271947817403,100.0,47.90728052182597,100.00000000000004,1271334.0714117675
1051569210,86.3979146769073,3.0635534652734364,100.0,96.93644653472657,100.0,454341.57223529386
1051576090,91.33167824697843,40.92122252167509,100.00000000000016,59.078777478325065,100.00000000000011,8353541.797921565
1051576130,88.93399569768299,43.0754774406049,99.99999999999982,56.924522559394916,99.9999999999998,8976127.428196084
1051576990,88.4765166852366,7.374495506148526,100.00000000000009,92.62550449385157,100.00000000000009,1474542.6700784308
1051577000,87.64743295308706,15.392386458837551,99.9999999999999,84.60761354116235,99.9999999999999,3275613.10717647
1051604130,99.18365834052422,90.20445626278278,100.0,9.795543737217216,100.00000000000004,6469169.520784336
1051608790,98.12089458504046,86.96031123113394,100.00000000000004,13.0396887688661,99.99999999999996,12706168.19215686
1051609210,100.0,99.99999999999996,100.00000000000004,8.526512829121202e-14,100.0,3743.1844705882354
1051609270,99.97701934291744,99.72423211500832,100.00000000000016,0.27576788499183635,100.00000000000011,4518196.561725492
1051620200,99.99997825275601,99.9997390330717,100.00000000000011,0.0002609669284083793,100.00000000000011,9692475.98772549
1051623250,98.13874006542046,83.31828333308827,100.00000000000004,16.68171666691177,100.00000000000004,3498080.676156865
2050013010,88.349220482556,72.7133678478859,98.322137529748,25.6087696818621,99.93100436156504,10441357.480431372
2050014550,92.63249187081082,72.32207868676197,99.9857094770233,27.663630790261337,99.99999999999986,11631885.39439217
2050016230,94.87042023974715,66.17049848548436,100.0,33.82950151451564,100.0,1783494.4789411754
2050016510,82.63567757282361,45.1006871181211,98.6088562636878,53.5081691455667,99.8440024157692,13875775.383882357
2050016520,90.8473014304118,57.76082896582194,99.9645587460134,42.20372978019145,99.99999999999994,4800394.479960776
2050017150,90.64003167499322,72.07137817347953,99.97168463773264,27.900306464253106,99.99999999999989,11514103.0837647
2050019160,86.45491092500863,64.39041495289769,99.22486021714246,34.83444526424478,99.99999999999984,8241582.268745109
2050020320,80.9654309999599,0.0,100.00000000000004,100.00000000000004,100.00000000000004,1872.8552156862745
2050020330,92.60005088503726,78.40476965684188,99.98411552986104,21.579345873019165,100.0,2323922.3081960776
2050020340,92.15746718232703,47.02962259889502,100.0,52.97037740110498,100.0,1138269.2362352938
2050020590,87.88430515897976,50.05401877753882,99.97871409369084,49.92469531615202,99.99999999999994,7806246.119647043
2050020600,94.15883863104641,53.97157142295769,100.0,46.02842857704231,99.99999999999996,1770.3754509803928
2050020620,93.89032666676508,77.28669934182152,100.00000000000004,22.713300658178525,100.00000000000004,3381170.647882347
2050020630,97.97559245429555,79.08641386032207,100.0,20.913586139677932,100.0,317778.12639215705
2050020730,94.00518972559836,64.15434104930452,100.0,35.84565895069548,99.99999999999996,1404984.313843137
2050020740,89.27657297719345,37.71974389444664,100.00000000000004,62.280256105553406,100.0,1348854.4500784315
2050021030,90.64758406217948,62.97557639411586,100.0,37.02442360588414,100.00000000000004,1210568.874980393
2050021040,85.09974241627731,74.75748912223781,98.67459240983628,23.917103287598465,99.99999999999994,7309507.021215673
2050022150,87.58412095632525,47.78602725959768,99.99654246198254,52.21051520238486,100.00000000000004,11115134.470470585
2050022160,77.43965914291215,33.50224243750258,99.33455284794188,65.8323104104393,99.99999999999962,11992422.089137254
2050026920,79.98582889257379,16.212276283422984,99.10989827337818,82.8976219899552,99.99999999999994,15934275.361529458
2050214900,86.30412441623604,40.36286777280313,100.00000000000011,59.637132227196986,100.00000000000004,5083665.526980388
2050223910,73.30041395364144,30.52856697749933,99.99999999999991,69.47143302250058,99.99999999999996,4254252.126156871
2050257210,82.44652886381041,21.71530437080985,100.0,78.28469562919015,100.00000000000009,2250981.275450978
2050257320,68.26541151480727,2.263818951298369,99.9999981896996,97.73617923840122,100.00000000000004,4419155.903176463
2050265840,83.86709363226637,0.0,99.99999999999996,99.99999999999996,99.99999999999991,3806590.491686274
2050292690,86.99541300583616,55.13958940865808,99.999998093863,44.860408685204916,100.00000000000004,11541667.351960786
2050302310,90.47241236200828,51.509445142741406,99.99999999999966,48.49055485725825,99.99999999999974,6295875.473607842
2050309610,84.80150509178878,22.37399401976195,99.99999999999996,77.626005980238,99.99999999999996,3302996.0912156887
2050310820,79.01484424820573,11.218985313696171,99.99999999999989,88.78101468630372,99.99999999999989,3395073.646274507
2050320590,63.63267974077646,1.2037558451720618,100.0,98.79624415482793,99.99999999999996,2728431.5996862734
2050323030,75.96611485711661,0.0,100.0,100.0,100.0,1732167.035333336
2050332820,78.92639449911964,0.2678274376704442,100.00000000000009,99.73217256232964,100.00000000000004,1517439.3544313712
2050384360,93.49098685665899,78.3980529180018,100.00000000000004,21.601947081998247,100.0,2897604.085411766
2050391230,84.1587201491838,18.323006103413302,100.00000000000004,81.67699389658674,100.00000000000004,884304.8915686279
2050396780,86.74989248322139,34.32959931464722,100.00000000000004,65.67040068535283,100.0,1289010.1500784322
2050420240,73.86995677957997,15.249530527036796,99.99997542549048,84.75044489845368,99.99999999999996,4313412.648745105
2050439100,88.59253336070635,62.09519615633074,99.99457612732095,37.89937997099021,100.00000000000004,9861219.679215692
2050441280,62.69371359546174,13.344676166301262,99.98291430466224,86.63823813836098,99.99999999999994,3101132.201686276
2050491750,75.84787174344537,32.66104981734424,99.18522260992192,66.52417279257767,99.9913276162,2577790.008980392
2050497340,79.13714015021269,47.962889122939245,100.0,52.037110877060755,100.0,3336006.101686269
2050497450,69.61028648031291,15.371786412506609,100.00000000000004,84.62821358749343,100.00000000000004,778529.4366274511
2050498990,86.14935296020163,46.95585408927801,100.0,53.04414591072199,100.00000000000004,1491207.7552549022
2050499090,74.0180486213927,20.676060724098665,100.0,79.32393927590134,100.0,2003716.780117644
2050502710,88.5126881697848,72.14152158693756,100.00000000000004,27.858478413062485,99.99999999999996,545907.7358431375
2050502920,86.94094991296889,55.462173232812205,99.99999999999989,44.53782676718768,99.99999999999996,3053214.584313729
2050509090,81.1246800099896,31.920682034669447,99.99999999999996,68.07931796533052,99.99999999999996,2639135.6041568643
2050509200,82.64799970416261,19.251179254800263,100.0,80.74882074519974,100.0,2054418.3209411732
3050000240,71.60382998781226,0.0,100.00000000000028,100.00000000000028,100.00000000000024,3322848.761725485
3050002690,70.8595914062606,0.0,100.0,100.0,100.0,889679.5344705881
3050002880,67.07753228169256,0.0,99.99999999999976,99.99999999999976,99.99999999999962,13791546.629058832
3050005440,57.7989428274185,0.0,100.00000000000004,100.00000000000004,100.0,2865104.834901965
3050006250,58.11297786376756,0.0,100.00000000000004,100.00000000000004,100.0,2189721.985529411
3050007880,65.62739425226611,0.0,99.99999999999996,99.99999999999996,99.99999999999996,3037492.7828627517
3050009680,73.90045266052718,0.0,100.00000000000004,100.00000000000004,100.00000000000004,1500310.163529412
3050009780,69.85231466512165,0.0,100.00000000000058,100.00000000000058,100.00000000000054,6536417.480470596
3050010150,71.02416013253544,0.0,100.0,100.0,99.99999999999991,13079131.87419604
3050011420,66.66666666666664,0.0,100.0,100.0,100.0,8477.083058823531
3050011690,57.7785295659635,0.0,100.0,100.0,99.99999999999996,546686.0204705894
3050014970,70.05518885876855,32.19875535823546,99.30788890568208,67.10913354744662,99.93868586070948,9470229.402627433
3050015500,83.49411949838297,39.10116425162639,99.91297951009436,60.811815258467966,99.91297951009436,848478.51082353
3050015640,57.58264750063726,0.5096992678921929,99.24050538023526,98.73080611234307,100.0,1403168.968705882
3050016150,55.76916149266108,3.9594473230324745,99.79697073469738,95.8375234116649,99.99999999999996,1793381.4665882324
3050020970,56.7127732206198,0.0,100.00000000000053,100.00000000000053,100.0000000000006,20239742.3137647
3050062640,68.99733153871153,0.0,100.00000000000009,100.00000000000009,99.99999999999996,6441536.390745103
3050136040,77.60770585072912,0.0,100.00000000000004,100.00000000000004,100.0,3137510.802274507
3050136270,72.87854401178292,0.0,100.0,100.0,100.0,3848484.480352936
3050143180,68.58529627032028,0.0,99.99999999999984,99.99999999999984,99.99999999999984,4187020.997843146
3050193810,59.01140361014233,0.0,100.00000000000009,100.00000000000009,99.99999999999982,7285296.314431367
3050202590,71.31473995160941,0.0,100.0,100.0,100.0,3274362.974784319
3050211820,69.56326266072927,0.0,99.99999896494477,99.99999896494477,100.0,9661319.683803892
3050213560,72.6405002961596,0.0,100.0,100.0,99.99999999999996,282485.6216078434
3050238760,75.10071100810379,0.0,99.99999999999996,99.99999999999996,99.99999999999994,4918781.996039213
3050239130,82.63057692543454,0.0,100.0,100.0,100.0,3371235.9917647066
3050273590,75.48604764388942,0.0,100.00000000000004,100.00000000000004,100.00000000000004,2575903.498784314
3050276270,68.24767991791803,0.0,100.0,100.0,100.00000000000009,3305518.558431371
3050276280,66.54949869352957,0.0,100.00000000000004,100.00000000000004,100.00000000000004,3252490.129686273
3050283640,77.46477150373418,0.0,100.0,100.0,99.99999999999996,4160855.531725487
3050298820,79.46187182166517,0.0,100.00000000000011,100.00000000000011,100.00000000000009,23488181.09799998
3050330490,63.98321241873106,0.0,99.99999999999991,99.99999999999991,99.99999999999984,20353399.26733333
3050391360,74.77323432654258,0.0,100.0,100.0,100.0,3205939.483960786
3050410800,83.23616662618736,24.155692982980888,100.00000000000011,75.84430701701922,100.00000000000009,9888440.57831372
3050415020,74.84764720996282,0.0,99.78252589611452,99.78252589611452,99.99999999999994,6639703.733960791
3050455600,70.79510838741044,14.792116150979698,100.0,85.2078838490203,100.0,3166850.8148627505
3050483880,71.96109362829925,1.0054330139710628,99.99999999999996,98.9945669860289,99.99999999999996,778895.064000002
3050526410,75.98115960669482,27.279891182008903,99.59171863098652,72.31182744897762,100.0,10127020.82262748
3050671720,87.00310558565006,53.51555362540709,99.86974295345576,46.35418932804867,99.99985554145849,14448816.119058806
4050000380,88.41136361905733,54.1505265259561,99.99999999999996,45.849473474043855,100.00000000000011,2480135.175843141
4050001250,74.862723386893,11.581171356415677,99.99999999999996,88.41882864358428,100.0,2567403.346941173
4050002470,87.24899983585908,12.870378721091075,100.00000000000004,87.12962127890897,100.0,2334255.539372549
4050002480,86.04861135001049,44.21584531059767,100.00000000000004,55.78415468940237,100.0,584130.900313724
4050002770,66.80210167649686,28.03205231741743,99.11380381881526,71.08175150139783,99.90376771825736,4527972.786784316
4050005720,83.29418639031769,45.67477930570282,99.99999999999991,54.325220694297094,99.99999999999991,3356924.6230980325
4050006520,90.87075665296989,43.824781677748206,100.00000000000024,56.175218322252036,100.00000000000024,3718919.7895686193
4050006530,95.51582352759169,46.18988233110052,100.0,53.81011766889948,99.99999999999996,62398.522666666686
4050007090,99.57481503696643,97.50910449142576,100.00000000000004,2.490895508574283,100.0,1302658.5854117644
4050007380,98.90987855424926,94.48801132600062,100.0,5.511988673999383,100.0,1284386.8468627431
4050007410,95.41142793841708,48.64302292038767,100.00000000000004,51.35697707961237,100.00000000000004,138628.48192156872
4050007670,93.74918503482509,32.30169028720915,100.00000000000004,67.69830971279089,100.00000000000004,480406.3692941172
4050007940,92.31005453306943,39.11800096778792,100.00000000000004,60.88199903221212,100.00000000000004,1358321.7323137252
4050007950,98.06492034567465,91.96102413681412,100.0,8.038975863185883,100.0,738532.893607842
4050008060,92.98668125575723,52.33501902422745,100.0,47.66498097577255,100.0,819296.0136862776
4050009280,95.22483699436992,79.21909600509038,100.00000000000004,20.780903994909664,99.99999999999996,1454080.6707450978
4050009880,87.06356070909463,17.899880896265586,100.0,82.10011910373441,99.99999999999996,524923.9269803918
4050009890,70.36251173979254,3.987703815619074,100.00000000000004,96.01229618438097,100.00000000000004,521811.3672941173
4050010160,79.61091395028215,39.12276750301286,100.00000000000004,60.87723249698718,99.99999999999996,541892.938666666
4050010370,71.74191300673863,25.995358227029108,100.0,74.0046417729709,100.0,5019400.009411759
4050010380,74.87431826927384,11.768043925793467,99.99999881528376,88.2319548894903,99.99999999999945,3376337.01643139
4050011550,72.0676243465678,0.044541515784745,100.00000000000004,99.9554584842153,100.0,378807.7323137256
4050012280,61.8288012665213,0.0,100.00000000000033,100.00000000000033,100.00000000000033,3239836.596274499
4050012770,67.07274491644446,0.5405262112321696,99.99999999999996,99.45947378876778,99.99999999999996,3648876.163372553
4050012990,61.38796930345551,3.8478113939965057,100.0,96.15218860600349,100.0,313776.7650588236
4050013000,56.32580488965146,12.608404940647397,99.99999917454474,87.39159423389734,99.99999999999972,9691625.628000012
4050024190,65.99972516812691,2.249872687644205,100.00000000000011,97.75012731235591,100.00000000000004,10391997.139098035
4050025460,65.20338297674174,1.5973102487841462,100.00000000000009,98.40268975121595,99.99999999999996,5231981.941411767
4050026610,71.85357829544446,11.31515665265706,100.00000000000016,88.68484334734309,100.00000000000016,3263962.084470587
4050026620,71.17892760772541,0.0,100.00000000000011,100.00000000000011,100.00000000000009,106333.082745098
4050026660,72.70403789506156,7.8266135139761746,100.00000000000009,92.17338648602392,100.00000000000004,4128623.62215686
4050026670,75.27687129903627,0.0,100.00000000000004,100.00000000000004,100.00000000000004,672636.7985098036
4050026820,72.16152435920019,4.248267327450541,100.0,95.75173267254947,100.0,2110751.7283529425
4050026830,81.4161760183022,0.0,100.0,100.0,100.0,1119362.218666666
4050027010,74.28420195806297,5.931126504576448,100.00000000000028,94.06887349542383,100.00000000000024,5552776.523372532
4050027020,68.58243476923023,1.0487764626648546,100.00000000000004,98.95122353733518,99.99999999999996,94925.86764705884
4050027100,74.69615541944738,1.9553235564837272,100.0,98.04467644351627,99.99999999999996,1850952.5633333328
4050027110,74.84255623804745,10.319004548113393,100.0,89.6809954518866,100.0,6054865.436784329
4050027780,65.53043856758822,5.765321454604985,100.0,94.23467854539501,100.0,625684.9487450975
4050027790,67.04824412243052,14.387408027425469,100.00000000000004,85.61259197257458,100.00000000000004,1430422.7258039222
4050027940,64.30522527260116,1.4239826773600863,100.0,98.57601732263991,100.0,2200939.612666661
4050027950,67.75672633524447,0.9199506136878822,100.0,99.08004938631211,100.0,623618.6937254901
4050028040,62.21283992068775,0.2430004891171563,100.0,99.75699951088285,100.0,918827.9415686273
4050028050,60.80053769990735,0.9816184777039044,100.0,99.0183815222961,100.0,1067116.9836470587
4050028200,58.28389504380968,1.0375839871551489,99.99999999999996,98.96241601284481,100.0,5682928.265686269
4050028210,68.08809412191924,18.81431562043361,99.99999999999996,81.18568437956634,100.0,1794174.5829803906
4050028550,63.72291710391594,0.0,100.0,100.0,100.0,1850225.394509806
4050028560,73.2030057882182,0.0,100.0,100.0,100.0,496754.961882353
4050028670,64.92453146306804,0.0106936345202618,100.00000000000004,99.98930636547978,100.00000000000004,1418250.357411765
4050028680,71.26813572105173,1.8986609965986891,100.00000000000004,98.10133900340135,100.00000000000004,1005691.4575686275
4050028760,59.41341505562146,5.931337312635165,99.96062806822364,94.02929075558848,100.0,8025667.451803924
4050028770,70.4870515074898,20.622159521472945,94.4800720390537,73.85791251758076,100.0,4590474.247529413
4050029530,44.4792607022134,2.5733617517656877,99.98887091178771,97.41550916002203,100.0,1534537.2122352945
4050029810,39.46541079032969,0.0114902172871901,100.0,99.98850978271281,100.0,649073.8872549019
4050029820,61.62325841571724,3.437792805422569,99.87979111405882,96.44199830863624,100.00000000000016,9631289.984509803
4050031520,74.10274933861221,0.9148629582519318,100.0,99.08513704174807,100.0,6909898.535803931
4050031530,71.41062948390514,5.164166140257518,100.0,94.83583385974248,99.99999999999996,269047.2909019607
4050031610,72.89750898947348,1.0948083561510946,100.00000000000004,98.90519164384895,99.99999999999996,10415527.18878431
4050031620,73.80735104726888,0.2624902851136971,100.00000000000004,99.73750971488634,99.99999999999996,657777.2176862748
4050031730,77.67970100672507,0.9504698802342836,100.0,99.04953011976572,100.0,3721404.698862745
4050031740,77.26007108974552,0.0,100.0,100.0,100.0,3078.4837647058825
4050031750,76.04659872192741,0.0,100.00000000000004,100.00000000000004,100.0,205138.44901960783
4050031820,79.12068252030669,0.8843063083706467,100.00000000000004,99.1156936916294,100.00000000000004,3271118.77996079
4050031830,75.31826383630842,6.166374401998875,100.0,93.83362559800112,100.0,2536664.6939607877
4050032410,70.62605152100274,1.0519323086952106,100.00000000000004,98.94806769130483,100.0,1130115.426235294
4050032420,76.33821131557538,3.826674128980224,100.0,96.17332587101977,100.0,1594222.0151372566
4050032880,80.76509846479485,5.406039199067117,100.00000000000009,94.59396080093296,100.00000000000009,3201421.737176469
4050032890,78.19644845638179,13.187610005476932,100.00000000000004,86.81238999452312,100.0,1242732.1754117587
4050033430,93.30690727913394,36.9504803941224,100.0,63.0495196058776,100.0,762040.0983529416
4050033440,88.68338185942768,12.566653151320406,100.00000000000004,87.43334684867963,100.00000000000004,644129.4594901961
4050047500,67.29533029289821,18.194815869256903,99.63115558660536,81.43633971734846,100.0,3672399.393372541
4050048470,41.92695502251067,0.2205443232506217,94.40446338863543,94.18391906538481,99.30266864186493,865370.3119215679
4050050210,92.53260392730517,75.72565094853047,99.97387635740064,24.24822540887017,99.99842077383244,10882644.43376469
4050050270,34.51762862394513,0.0,82.60095577895682,82.60095577895682,96.17949950760456,13679592.66329413
4050050280,66.13119972430788,38.75262572767567,95.00716596033529,56.254540232659615,97.99158013726787,11934635.486078473
4050050320,69.2523729019675,39.70249717984874,90.41158552996605,50.709088350117305,97.27208363010205,9296732.864862744
4050050340,82.4455598138432,47.33809370434315,99.22935878987296,51.89126508552981,99.8972747816644,7484962.355058804
4050050400,95.6108061905311,51.514033685007966,100.00000000000016,48.48596631499219,100.00000000000011,8487486.728392141
4050050440,81.10142296351952,21.78725379066156,99.85614221096829,78.06888842030673,100.00000000000011,4907258.846352946
4050050450,98.44336143135597,91.74007192258144,99.99999999999994,8.259928077418508,99.99999999999994,4157733.102549014
4050050470,18.300087026770775,0.0,55.79104509159296,55.79104509159296,82.74291222603604,7578604.701686287
4050050480,96.9543435579482,77.9746721327625,100.00000000000009,22.02532786723758,100.00000000000004,10413556.402784318
4050050520,93.06086098737654,66.62338381571213,100.00000000000004,33.37661618428791,100.00000000000004,10624292.330509804
4050050550,75.52808040337469,36.25944200515499,93.94105005164448,57.681608046489494,97.69280206609623,2923667.574901959
4050050560,96.93024931713363,91.54840676827834,99.51699409902916,7.968587330750822,99.84993936518164,12168425.75886274
4050050580,94.1157646529262,86.03045912080923,99.2952455109852,13.26478639017597,99.6768508700643,6130548.250980398
4050050590,94.54549197925992,72.01290049303691,99.5613217539304,27.54842126089349,99.8815249766685,12146126.260980371
4050050600,34.67445879981563,0.0,89.89814534824005,89.89814534824005,96.2077293264635,6166560.883764691
4050050610,18.138570024604913,0.0,57.014744056266906,57.014744056266906,76.08338741563827,7489629.384117664
4050050740,93.49603354650185,82.0249152850571,99.4921780018167,17.467262716759592,99.98709134464838,4715376.38658824
4050050940,97.41968285250415,90.1998462363201,100.00000000000004,9.800153763679944,100.0,9243500.940274512
4050050980,8.283388930200328,0.0,44.83063212404561,44.83063212404561,64.78930990193787,5504751.513921583
4050051010,86.08542890013518,48.416196173492224,99.65035478790824,51.23415861441602,99.99857849329486,2279975.1758431406
4050051020,95.59399451745647,83.49173427487628,100.00000000000004,16.508265725123763,100.00000000000004,2463196.386313724
4050051100,95.55096338321322,63.63290423506642,100.00000000000004,36.36709576493362,100.00000000000004,1683115.984078433
4050051120,5.842729870461787,0.0,22.82268624600418,22.82268624600418,36.85114224531228,3183626.6353725386
4050051160,6.944053229488461,0.0,47.43637866891422,47.43637866891422,60.17100338944816,2942132.56937255
4050051270,11.39539994407616,0.0,50.405025086726326,50.405025086726326,74.12576629927734,8433845.351921571
4050051460,39.2599970795765,0.0,99.03450627390568,99.03450627390568,99.52224919479646,1349409.014313727
4050051530,96.69412708380086,76.39658978486517,100.0,23.60341021513483,100.0,2486291.225999997
4050051670,83.55320306521286,4.864439531338947,100.0,95.13556046866105,100.0,945577.5156470588
4050051890,89.23064329936774,56.07711619409819,100.0,43.92288380590181,100.0,615983.0106666664
4050052120,7.205256049599721,0.0,42.56072085435997,42.56072085435997,63.103118225152535,3520312.944549025
4050052650,99.31066292945462,93.16599190879796,100.00000000000004,6.8340080912020795,100.0,892979.1661960786
4050053490,6.530338218405352,0.0,20.372103946399758,20.372103946399758,29.61005495985429,278332.8654509802
4050062830,97.54167833115223,70.50013997382646,100.00000000000004,29.49986002617358,100.0,101193.56835294123
4050098940,81.36374043964912,26.354988218812117,99.98761488828484,73.63262666947273,99.99999999999984,8919971.152313735
4050110370,72.29933310347572,0.0,100.00000000000004,100.00000000000004,100.0,2552552.242078431
4050110480,78.73552410586349,20.700062069390945,100.00000000000004,79.2999379306091,100.0,5175601.160588233
4050111700,76.61938810560032,24.10278014353384,100.00000000000004,75.89721985646621,99.99999999999996,4582804.016352938
4050111760,67.32650501959664,0.0,100.00000000000004,100.00000000000004,100.0,514186.1215294108
4050124280,73.88010631703794,5.33067794428887,100.0,94.66932205571113,100.0,2452415.038666667
4050136400,84.65283992987956,22.63327376270229,100.0,77.36672623729771,99.99999999999996,1267451.1383921576
4050136410,66.51467542917322,0.3443192250783225,100.0,99.65568077492168,99.99999999999996,2491418.9071372533
4050146590,75.85751273412541,9.53003219221802,99.99999999999986,90.46996780778184,99.9999999999998,8344800.436352942
4050148980,83.45277820133464,6.8545432685728285,100.0,93.14545673142717,100.0,2388009.808313723
4050151730,90.4834721135317,61.03245848119322,100.00000000000048,38.967541518807266,100.00000000000044,13478591.801882338
4050154410,90.84175292788397,41.91232287167594,100.0,58.08767712832406,99.99999999999996,208550.6242352942
4050165380,79.00843722148637,35.75975192487235,100.00000000000011,64.24024807512777,100.00000000000009,4646593.438784317
4050169400,91.30644624209411,45.193677449089606,100.00000000000009,54.80632255091048,100.00000000000004,1235359.6032549017
4050186730,91.35788272565094,13.833412170706328,100.0,86.16658782929368,100.0,288839.65309803985
4050195690,91.88577727865906,62.496484513645015,100.0,37.503515486354985,100.0,3392074.5133725484
4050195810,83.46031980081264,37.11053706346659,99.92612130565315,62.81558424218657,99.99999999999994,4819268.582588239
4050225210,78.60069632779799,27.34142682178898,100.0,72.65857317821101,99.99999999999991,5226999.922352952
4050236610,79.5394567018479,30.35052258728751,99.97427402189756,69.62375143461004,100.00000000000009,4263805.718549016
4050240510,90.916069877408,61.58854553274302,99.99999999999989,38.41145446725687,99.99999999999989,7550064.013882355
4050244900,87.50543395218769,57.07344938588522,99.99999999999996,42.92655061411474,100.00000000000004,25571306.97458824
4050247970,91.92783960679031,76.51770196305266,100.00000000000004,23.482298036947384,99.99999999999991,5179984.268666665
4050247980,88.93433246110209,57.50956003536936,100.0,42.49043996463064,100.0,562759.957490196
4050251620,93.53486003248126,28.462948436042478,99.99999999999991,71.53705156395743,99.99999999999991,6125360.441411777
4050251820,91.68663335114074,0.2396002136888952,100.0,99.76039978631111,100.0,46489.94184313726
4050255200,88.28667836338202,65.52823752667992,100.0,34.471762473320084,100.0,1086008.317607846
4050313680,82.11035179619294,34.736338509826574,98.56279840908007,63.8264598992535,99.99959958031872,4080777.258862753
4050325660,65.3025614467773,11.581786115519128,96.05099926575812,84.469213150239,99.987736757586,1332551.970470589
4050326920,75.18251957336345,21.741433771908053,99.6772078187814,77.93577404687335,99.96430808671508,1056990.128235294
4050327070,53.9621788385552,4.205217059266892,87.04232138117631,82.83710432190942,96.48597640308948,3770594.844745098
4050327110,89.76745600980304,17.910744134958836,100.00000000000009,82.08925586504125,100.00000000000011,6528754.254509806
4050333000,84.39619693784768,30.74537900288951,100.00000000000004,69.25462099711054,100.00000000000009,3984526.340392154
4050348020,92.48918969046036,33.36547853159638,100.0,66.63452146840362,100.0,823996.1702745092
4050348030,87.09685953413333,29.152546315568657,100.0,70.84745368443134,100.0,1536697.3683529417
4050416000,99.99999999999999,99.99999999999996,100.0,4.263256414560601e-14,99.99999999999996,68275.41525490196
4050416010,77.09086044123715,55.27591460190553,89.25858082315831,33.982666221252785,93.45809373449856,5429774.018901976
4050416190,93.13085134886398,72.19185121383718,96.9024462177519,24.71059500391472,97.47321079031724,4403555.64741177
4050420980,58.13581294835228,6.851713801038642,90.1470005423344,83.29528674129575,97.32814393744222,8143444.975333298
4050421200,67.03986270764854,15.821015044836798,93.83183658391542,78.01082153907862,98.18003346948936,3777091.089019603
4050427020,93.63990142255268,58.72216266200142,100.00000000000004,41.27783733799862,99.99999999999996,1178073.2108235278
4050431060,96.67043362919678,81.81988143439727,100.00000000000004,18.18011856560277,99.99999999999996,3540014.235294116
4050431380,95.97593033689431,76.48211873274052,100.00000000000004,23.517881267259526,100.0,6370662.583450962
4050438130,99.05851029775285,88.70212357303423,100.0,11.297876426965772,100.0,807661.5674901945
4050439980,91.43312522342471,38.31182564738032,100.0,61.68817435261968,100.0,1953827.871882354
4050440700,97.47925349214178,73.12684155039386,100.00000000000009,26.873158449606223,99.99999999999996,2906499.803490196
4050441830,99.27151194132072,91.2581432958486,100.00000000000004,8.741856704151445,100.00000000000004,173513.62647058823
4050448990,97.3813263744567,88.61487343058042,100.0,11.385126569419583,99.99999999999994,2760719.917058829
4050449660,79.7526894270171,55.20065427438484,98.56880361085176,43.36814933646692,99.6902946636592,12221548.916039214
4050462690,64.47422205090783,46.10256689388761,83.9331223630441,37.830555469156494,87.88601593595648,9948822.840117635
4050469430,99.91145655018549,98.93747860222643,99.99999999999996,1.0625213977735228,99.99999999999991,339180.6534117649
4050469570,89.3584959862594,69.24569075092084,98.29269487504696,29.04700412412612,99.35409021714034,2933396.24760785
4050469680,89.22405183792246,73.84085021561663,99.4100698845332,25.569219668916574,99.75698345667408,3568235.9916862785
4050475000,95.43736468490259,61.76913124094791,100.00000000000004,38.230868759052136,100.0,436751.4223921569
4050475930,100.00000000000001,100.0,100.00000000000004,4.263256414560601e-14,100.0,9428.428980392153
4050476110,59.33683412350393,14.478923156840931,95.96739710018608,81.48847394334514,97.0846931624005,2915053.604745104
4050483080,93.90496978209619,78.60264671522594,99.96654968193826,21.363902966712317,99.99999999999996,9258027.037215693
4050483160,100.00000000000016,100.00000000000009,100.00000000000016,7.105427357601002e-14,100.00000000000011,215078.19027450963
4050486110,90.86235168729358,49.32829016794639,100.0,50.67170983205361,100.0,4274352.745333336
4050486980,98.30300976532992,86.75391336428696,100.0,13.246086635713041,100.0,602627.5787843136
4050492120,60.540040901090116,23.998115633080086,92.8656661753656,68.86755054228551,94.98014355515326,1347227.89890196
4050505600,98.31767290293855,83.23924707372106,100.00000000000004,16.760752926278982,100.00000000000004,891636.6519607835
4050505750,100.0,99.99999999999996,100.00000000000011,1.5631940186722204e-13,100.00000000000004,136657.36286274515
4050508830,5.7522328053487035,0.0,22.968098740206973,22.968098740206973,40.09858418714431,2515132.279882349
4050508980,78.95888765690171,55.231344114655286,93.432729627923,38.20138551326771,93.72877713297312,615882.1189019602
4050509080,99.99999999999999,99.99999999999996,100.00000000000004,8.526512829121202e-14,100.0,50344.23788235291
4050510850,80.7588504110613,41.38275548087453,97.4800829406323,56.09732745975777,98.30738220386183,1589993.4098039204
4050515470,22.315152123885753,6.466687197995431,42.361862830456616,35.89517563246118,53.98215499023521,3052851.132705873
4050515600,33.68778616742569,18.07161811229198,50.94457939584382,32.87296128355184,59.64647047281423,2316229.031921559
4050520710,14.265821778205046,0.0,56.71161644358887,56.71161644358887,64.50064318967202,3951552.299960782
4050523580,14.928587175039178,0.0,46.38145258663494,46.38145258663494,52.46295999616623,1461020.0892156856
4050523690,8.861929729179543,0.0228179073770116,30.52493950433293,30.50212159695592,41.12511199851935,3684422.346627464
4050548260,96.6041975969115,90.48963235668468,100.0,9.51036764331532,99.99999999999996,6734566.459999998
4050548370,95.54396072498582,82.90685459593267,99.99999999999984,17.093145404067172,99.9999999999999,7518301.534313733
4050567380,97.57739536291855,88.03559613564632,100.0,11.964403864353685,100.0,2486624.373764704
4050567390,96.4233735936851,58.97542427015932,100.00000000000004,41.02457572984072,100.00000000000004,1871372.352745095
4050578640,41.19065023553127,0.02316328662337,84.08107115587333,84.05790786924996,97.79936862107736,7863727.436901981
4050585650,54.20800991100693,0.2430001004601307,93.06141186489012,92.81841176442998,99.13591871172892,3104225.522117648
4050585760,85.65716279283687,19.92411328083696,100.0,80.07588671916304,100.0,66750.70184313729
4050603550,22.14371385134442,0.0,87.3976219509138,87.3976219509138,93.2084785589838,801903.47890196
4050607260,8.4591673658661,0.0,36.096370490490905,36.096370490490905,49.04600763649976,8055004.495294119
4050607420,12.015907993686758,0.0,43.67980584376849,43.67980584376849,63.57207543542781,8710001.993176466
4050625230,88.43820148320016,10.500199954960635,100.0,89.49980004503936,100.00000000000004,1317391.8685882338
4050625490,77.84364310611274,21.93888838930904,99.78128720693664,77.8423988176276,100.0,1544746.9033333354
4050627620,96.88149105165893,70.4685068152976,100.00000000000004,29.53149318470244,100.0,27065.25760784314
4050629690,98.06079544401207,88.73929224891668,100.0,11.260707751083316,100.0,120715.8839607843
4050631960,92.47177111327778,74.41142171429148,99.820563435739,25.409141721447526,100.00000000000004,3452791.211803928
4050646320,58.921560120343315,2.528061996773969,99.15547394300384,96.62741194622987,100.0,921906.3576862748
4050648310,70.43441712149074,45.879378544832,96.29188095010484,50.41250240527284,97.8934129364403,11320899.991803916
4050648320,37.214390238736435,13.969864308851268,76.76774392383683,62.79787961498556,84.65472361046447,8525722.182431364
4050667920,94.2521076638866,63.80317063327436,99.99999999999996,36.196829366725595,100.0,1187397.1512549028
4050668010,94.96567742048732,53.33806403001282,100.0,46.66193596998718,100.00000000000004,727194.6370588242
4050680810,81.54686490247029,16.083065363500936,99.93772835962184,83.85466299612091,100.0,7345314.332039215
4050689020,91.45906540544858,41.231654091895805,100.0,58.768345908104195,99.99999999999994,4599107.9714902025
4050689150,86.78324900273014,23.07186561776801,99.99999999999991,76.9281343822319,99.99999999999994,6193246.71682353
4050694190,95.00400069421933,73.43415387689923,100.0,26.56584612310077,100.0,2111033.146156864
4050704560,86.39697239104625,28.759034309671627,100.00000000000004,71.24096569032841,100.00000000000004,2868787.923176475
4050705050,15.38223496276874,0.0,78.73933484567381,78.73933484567381,90.32309698493792,1529081.0423529383
4050705180,15.431078393810834,0.0,57.24154966059238,57.24154966059238,77.39275120922244,2281802.60698039
4050709980,12.88892789097048,0.0,44.32461323430809,44.32461323430809,59.528561569946646,1202266.2024313733
4050709990,16.021739102441213,0.0,59.10049283172994,59.10049283172994,71.78954074155163,3634231.0370980375
4050718400,15.302673489992493,0.0,45.15047868069048,45.15047868069048,78.0001809852357,3446391.8349803947
4050729700,75.44601286421344,64.92738120674055,84.23042856361896,19.30304735687841,92.7251279058268,2025916.1367843165
4050729890,79.74761301933681,71.9806744582905,85.48145859555021,13.500784137259714,92.44550329619302,2996753.976196072
4050730280,12.409032777244517,0.0,44.74551682581181,44.74551682581181,67.93466702516773,2000290.5583529405
4050744670,84.25210483524098,41.0979906836246,100.0,58.9020093163754,100.0,1754462.4259215705
4050748310,87.33469202477404,62.75061803863135,100.00000000000004,37.24938196136869,100.0,2573326.877529409
4050769230,5.280363005710905,0.0,20.377137424886094,20.377137424886094,32.30734881674207,3353296.4047843264
4050769470,12.822915680163625,0.0,49.08866268499355,49.08866268499355,56.1713120146112,248352.4090588234
4050773130,85.00193373075638,6.808955534542776,100.00000000000009,93.19104446545731,100.00000000000009,3948569.994509802
4050773260,99.09646737706755,93.79446982276528,100.0,6.205530177234721,100.0,123411.43313725483
4050774560,53.71328501313848,0.0,100.0,100.0,100.0,1289325.8564313734
4050779690,58.48957157207237,14.198350899871256,92.60616395605726,78.407813056186,99.95710451231854,8413090.310196085
4050783330,82.01756451887233,23.45425619505903,100.00000000000004,76.54574380494101,100.00000000000004,803669.228627451
4050783910,5.443624886336772,0.0,14.717889968855507,14.717889968855507,26.386598887618263,2073309.68290196
4050783960,86.32661270466569,26.477820596659328,100.0,73.52217940334067,100.0,233575.70733333335
4050783970,75.4650697580422,26.232945850615074,99.99999687890136,73.76705102828629,100.00000000000004,7048799.770156872
4050784150,98.97564778979476,90.05816282854244,100.00000000000004,9.941837171457607,100.0,1672562.1151372548
4050784170,13.191259400246702,0.266754097286042,35.53175838607247,35.26500428878643,53.38799823179086,3171932.534901962
4050784370,97.60110016418605,75.07222445932187,100.0,24.927775540678127,100.0,3103818.1571764704
4050785020,96.45792938405924,63.78720677116618,100.00000000000004,36.21279322883386,99.99999999999996,2321297.514784314
4050785260,94.59998155996294,36.494408324100434,100.00000000000009,63.50559167589965,100.0,4344827.292274498
4050786190,82.61337649792456,73.39795722911231,88.7583726423678,15.360415413255495,95.70735124088476,19226897.952000007
4050786650,20.179108330442126,0.0,41.30328524951288,41.30328524951288,73.67864431835406,6255587.274549033
4050791810,77.4637752630481,7.454039059593231,100.0,92.54596094040677,100.0,1694959.0686274518
4050791820,90.93657540304714,31.104146724009173,100.00000000000004,68.89585327599087,99.99999999999996,197287.871372549
4050795660,70.54286897309599,2.551514146165126,100.0,97.44848585383487,100.0,11475794.516392171
4050801390,78.32261128195253,0.0,100.0,100.0,100.0,1610510.6045098014
4050802250,96.82253341141677,62.28026442637076,100.00000000000004,37.71973557362928,100.00000000000004,2562549.410666671
4050802440,99.44535748992168,94.70605022421414,100.00000000000004,5.293949775785904,100.0,2125042.8970980416
4050802680,67.73653198217457,0.0393418338852108,99.99999999999996,99.96065816611474,99.99999999999996,3336219.668431367
4050805930,64.0136949193178,23.39829897909975,98.40651646264683,75.00821748354709,99.9952153632828,9738186.012196075
4050817390,69.61859839592569,15.04146838106346,100.00000000000004,84.95853161893658,100.00000000000004,1916800.414235288
4050838850,36.925758605517565,0.0,70.36680705025444,70.36680705025444,88.4220817393155,2458929.211843136
4050839030,34.385110879744126,0.0,80.52478848914178,80.52478848914178,86.05417290674468,4731612.157411772
4050865800,37.11796828865743,2.4314176267489818,67.78873116664857,65.3573135398996,84.19064961354383,3854393.212000005
4050865930,70.46905370461204,0.2453247607640472,100.0,99.75467523923595,100.0,2557273.612745099
4050876680,84.30652870183776,20.73319386374777,98.70802434944366,77.97483048569589,99.17914044436414,9070089.498470573
4050876840,83.26834374706966,6.2905185549904745,100.00000000000004,93.70948144500957,99.99999999999994,15744425.074784342
4050884290,64.5161555936061,0.0,97.38527135053442,97.38527135053442,97.71561526230012,4175359.363294117
4050884570,69.1426508786163,0.5888545233889029,100.0,99.4111454766111,100.0,2194186.7087843115
4050886200,34.555626270140635,1.72130929536304,61.899750092875074,60.17844079751203,76.85705008459288,3749472.005450983
4050886350,65.05523882307304,0.0,99.64799224708864,99.64799224708864,99.64866608294383,994307.4338431382
4050900670,42.4502117210784,0.0008794355684385417,83.02288221429721,83.02200277872878,93.97566329817336,2668395.999843132
4050900680,69.38542765701396,0.0,100.00000000000004,100.00000000000004,100.00000000000004,1751305.7451764685
4050901850,58.3144475659575,8.137717467719398,80.62560319495915,72.48788572723976,89.05774920447503,15037477.965921575
4050901960,77.71471396315758,12.120660927300362,100.00000000000004,87.87933907269968,99.99999999999996,9157716.96686278
4050902890,60.127786635074926,0.0140061976594656,99.21105014984953,99.19704395219006,99.88940000909548,2607646.741411761
4050903190,46.12745001256564,0.6438089818448691,82.30020215796515,81.65639317612028,97.8905785544554,2740751.4187450903
4050911450,84.35178498360858,16.086127620814274,99.99999999999984,83.91387237918556,99.99999999999982,14480908.58262747
4050911460,73.33260968329186,17.990360500995646,90.7058890813769,72.71552858038125,95.41860021114206,10744515.496588238
4050911800,42.564383005176836,3.449851219600132,68.7195953604645,65.26974414086436,81.78274776924384,10078572.93776471
4050911950,67.47263067151977,2.606060232938968,91.3205036896342,88.71444345669522,93.67020091139452,18506171.85125494
4050919920,98.64134743412033,88.34005979225496,99.99999999999996,11.659940207744995,99.99999999999986,8948076.725372575
4050919930,90.99604219352368,20.97904445983377,100.00000000000004,79.02095554016627,100.0,1466870.0847843117
4050925590,53.02399557443065,5.31377471231359,99.24938495373507,93.93561024142149,99.99999999999996,6257043.343058834
4050933190,64.26647567814602,21.97035952989924,99.55710305914948,77.58674352925024,99.99917093396375,1342611.6580000003
4050952440,93.83307438693805,37.90816546310674,100.00000000000004,62.0918345368933,100.00000000000004,1622108.9348627476
4050952550,88.55625982704471,34.62867969603643,99.99999999999991,65.37132030396349,99.99999999999991,12454757.792784324
4050956220,69.4281010699033,2.1877720039274027,100.0,97.8122279960726,99.99999999999996,1963138.690392157
4050956230,57.650162605246585,0.2809362600490725,89.6152410834104,89.33430482336132,93.4187219738646,3255452.6007843176
4050960280,56.02829813670019,4.260819391761041,99.99999907281924,95.73917968105819,100.00000000000011,6471229.46203922
4050960480,69.45616904155726,8.647591076992361,100.00000000000011,91.35240892300776,100.00000000000016,3920382.8528235215
4050960530,46.84806585621166,1.486303351552245,99.99998338798954,98.5136800364373,100.00000000000024,6079938.2907842975
4050975160,68.5350999299015,2.5332530586831687,99.99999872443269,97.46674566574951,100.0,9407579.056470588
4050978600,57.65460123004629,6.646881590576885,99.99999942665988,93.353117836083,99.99999999999996,6976661.57584314
4051013550,79.42673526188894,16.40750752526384,100.00000000000004,83.5924924747362,100.0,3353565.6309019667
4051013620,75.35311191335948,2.515438566805821,100.0,97.48456143319417,99.99999999999996,1419918.3441960807
4051013640,71.0389612817452,0.0465209469358554,100.00000000000004,99.95347905306419,99.99999999999996,1085803.8551764698
4051013760,75.28634222176063,0.0066512041376085,100.00000000000009,99.99334879586247,100.00000000000004,478860.6595294117
4051017890,75.10258941457421,3.610897864016912,100.00000000000004,96.38910213598314,99.99999999999996,1375099.996235294
4051017990,75.23894253407964,0.7304283428505192,100.0,99.26957165714948,100.0,1480461.6222745143
4051019890,62.07279240356934,0.2348711057571926,99.88156728104568,99.64669617528848,100.0,12643861.156980358
4051031590,75.08380394051748,1.063621817355883,100.0,98.93637818264412,99.99999999999996,1077388.3814117643
4051031720,73.7034056040228,0.0612142595696338,100.00000000000004,99.9387857404304,100.0,2457676.881921572
4051043590,58.459873198782454,0.1424366030010689,100.0,99.85756339699893,100.0,2801841.8227058826
4051063670,73.80815577642174,3.608131802961165,100.00000000000004,96.39186819703887,99.99999999999996,5908624.861490201
4051063690,70.17232379629745,7.280051148467077,100.0,92.71994885153292,100.0,3177884.2713333303
4051063700,76.12032867406351,3.9199483334444416,100.00000000000004,96.0800516665556,100.0,11629500.712627456
4051063810,67.94964172759293,6.631438179454413,100.00000000000004,93.36856182054564,100.0,3270796.607764693
4051065170,71.68783037513172,0.0560403211596113,99.99999999999989,99.94395967884027,99.99999999999991,4333268.052509808
4051065250,67.22827885423149,0.0,100.0,100.0,99.99999999999996,156879.83698039225
4051081260,69.59259110555713,1.37996355645662,100.00000000000004,98.62003644354343,100.0,2271013.60262745
4051081310,72.13796554817186,5.188311067810367,100.0,94.81168893218964,99.99999999999996,1640885.1310196102
4051083880,61.92233173415992,0.4880062646746423,100.00000000000004,99.5119937353254,100.0,3540097.1771372613
4051083890,66.88600655556436,0.7536289601273997,100.00000000000004,99.24637103987264,100.0,1310041.274117645
4051092490,67.40582329805777,1.3004569321464508,100.00000000000004,98.6995430678536,100.00000000000004,1189555.1848235286
4051092530,63.89704573422035,1.179707234081302,100.0,98.8202927659187,99.99999999999996,2058836.673607843
4051096370,61.455364455455246,1.798175032321607,100.00000000000004,98.20182496767843,100.00000000000004,2591732.6824313747
4051096410,62.81674421558704,3.057361732468739,100.0,96.94263826753127,100.0,5815911.03929414
4051101500,64.0043855060279,0.1477038936576395,100.0,99.85229610634237,99.99999999999996,959881.6878431354
4051101510,62.26353788778969,0.0,99.99999999999996,99.99999999999996,99.99999999999996,7387993.373686286
5050057970,100.0,99.99999999999996,100.00000000000004,8.526512829121202e-14,100.00000000000004,5203082.297686279
5050058420,99.91467882105677,98.976145852681,100.00000000000004,1.0238541473190423,100.0,962552.8978431374
5050060860,96.58981791783789,77.09303492611753,100.0,22.906965073882475,100.0,1635164.6819215722
5050061150,98.83995425471079,91.08082246296276,100.00000000000004,8.919177537037285,100.0,1254878.0590588246
5050062590,81.00720561307742,4.256631825176287,100.00000000000009,95.7433681748238,99.99999999999996,93812.87529411764
5050065600,91.77300060503548,12.994292146647563,100.0,87.00570785335243,100.0,188675.43698039223
5050065790,79.08512569350448,0.5751385736829645,100.00000000000004,99.42486142631708,100.0,223988.6654509802
5050069590,79.59166780069937,7.746103592502466,100.0,92.25389640749754,100.0,1032378.4863529428
5050073140,87.88082135717364,23.00796601475903,100.00000000000004,76.99203398524101,100.0,2302756.17129412
5050074650,100.0,100.0,100.00000000000004,4.263256414560601e-14,100.00000000000004,124143.6510980392
5050076320,95.90900206827119,50.90802481925446,100.0,49.09197518074554,99.99999999999996,600486.160392157
5050076330,95.31605592272145,72.95978958918128,100.00000000000004,27.04021041081876,100.00000000000004,634619.242901961
5050076890,97.94068418727589,89.99305993881018,100.00000000000004,10.006940061189866,100.00000000000004,656861.1915686266
5050079500,73.4173247248775,60.47753874956292,77.61704510444915,17.13950635488623,77.61704510444919,3501.964862745099
5050087640,99.99965434569349,99.99689761093714,100.00000000000004,0.003102389062902944,100.00000000000004,8588542.39737255
5050087870,100.0,100.0,100.00000000000004,4.263256414560601e-14,100.00000000000004,2475383.645960785
5050088120,98.43555127757382,81.2393463778278,100.0,18.7606536221722,99.99999999999996,2106425.349176474
5050088210,98.87888124940535,86.54657499286425,100.0,13.453425007135749,100.0,1183679.749411766
5050088230,99.99985621099927,99.99827453199104,100.00000000000004,0.001725468008999087,100.0,1066377.348313727
5050088240,96.86822280618482,63.7004022310088,100.0,36.2995977689912,99.99999999999989,4525192.306274517
5050088450,100.0,100.0,100.00000000000004,4.263256414560601e-14,100.0,857341.1562352936
5050090060,99.99898332676405,99.98779992116847,100.00000000000004,0.012200078831568817,100.0,589258.4875294113
5050090510,100.0,100.0,100.0,0.0,100.0,993607.170705884
5050305550,100.0,99.99999999999996,100.0,4.263256414560601e-14,100.0,410089.4272941176
5050378580,90.98911385414273,15.135655329121503,100.0,84.8643446708785,99.99999999999996,939852.5996078416
5050413450,99.99999999999993,99.9999999999999,99.99999999999991,1.4210854715202004e-14,99.99999999999991,1947469.6719215687
5050434260,100.0,100.0,100.00000000000004,4.263256414560601e-14,100.0,2087715.3710196044
5050456070,100.0,100.0,100.0,0.0,100.0,1922967.2103137248
5050462270,100.0,99.99999999999996,100.00000000000004,8.526512829121202e-14,100.0,1926029.1411372544
5050525070,98.48656460950627,82.19003582811666,100.0,17.809964171883337,100.0,3793426.619411767
5050528230,98.02026753335814,77.48549999645668,99.99999999999996,22.514500003543276,99.99999999999996,1097230.4215294118
5050533380,98.1064246223799,77.30169758460531,100.0,22.698302415394693,100.0,5978510.129882356
6050000740,61.9058112303158,9.446149272140678,100.0,90.55385072785933,100.00000000000004,1825164.3539215685
6050000750,55.901766582234934,26.857743190463435,91.93494359833804,65.0772004078746,99.08578211949572,5417733.158705877
6050004480,12.711185891050588,4.126101339572626,27.36939317133907,23.24329183176644,66.89419144539927,3873427.7517646994
6050005180,13.99057543873502,0.0271325585786561,47.26620677874168,47.239074220163026,80.8451434835955,6453924.852313723
6050005190,17.813773804744333,1.0834308177257594,54.76802205014575,53.68459123241999,89.33848684189108,7073457.155921573
6050005490,17.67011521148269,0.0,68.56924697519459,68.56924697519459,95.43462573004516,6668405.5865098
6050005500,11.94785448046739,1.2933733575867856,36.88968333376253,35.59630997617574,67.78851517075975,9682862.680156866
6050007240,29.32460023588442,2.9709126550274867,89.51448450903314,86.54357185400565,97.36852991443992,641004.4918823525
6050010670,80.45054119910363,39.836724550345146,99.98306560163226,60.146341051287116,100.00000000000028,4157787.82121568
6050012290,34.39808176635066,10.088369499426843,98.85835024695167,88.76998074752483,99.99999999999991,377322.5260000006
6050012380,34.50096621957788,7.079780010779406,99.71601881012722,92.63623879934782,100.00000000000004,766072.4872941169
6050012590,59.61731980926884,3.5027423858205857,97.95183833774703,94.44909595192645,99.99999999999984,4294592.182274515
6050013420,60.14357746624284,8.355106190182894,99.27228214847312,90.91717595829023,99.99772373120366,8815742.68921568
6050015940,84.01253675611365,32.383934379393274,100.00000000000016,67.61606562060689,100.0000000000002,6704755.641176468
6050017530,97.71689804627012,81.58217464832383,99.99999999999996,18.41782535167613,99.99999999999996,2184614.648823526
6050017540,95.95376244687647,59.99537954052641,100.0,40.00462045947359,100.00000000000004,2232034.1923529413
6050018290,99.49290363267875,96.98903078665606,100.00000000000004,3.0109692133439836,100.0,5626551.014627465
6050019090,99.84519612156498,98.14898663354812,99.99999999999996,1.8510133664518378,99.99999999999991,3463311.283764709
6050019100,97.8551215458923,85.30664560967408,100.00000000000009,14.693354390326007,100.00000000000004,6129850.273450985
6050020010,97.56749806895526,71.09324974898443,100.00000000000011,28.90675025101568,100.00000000000004,4289567.457960781
6050020960,97.64144528957735,71.6973434749278,100.00000000000009,28.30265652507228,100.00000000000004,162067.89537254893
6050021160,92.13402512385032,29.881746947062247,100.00000000000004,70.1182530529378,99.99999999999996,301591.86870588217
6050023980,75.15998939516548,34.45149813629176,99.99498609708812,65.54348796079636,100.0,2125336.601019608
6050025130,81.21932363267828,34.18070021462513,100.0,65.81929978537487,100.0,1758334.1043529403
6050025140,78.7763011740679,14.072948419431269,100.0,85.92705158056873,100.0,1835833.0934902013
6050026760,99.2656597263786,96.0213713018774,100.00000000000004,3.978628698122648,100.00000000000004,1927698.3943137291
6050027780,76.16657689422253,58.10971708978738,91.64803219703823,33.53831510725085,93.95139762153713,2401855.564862745
6050028120,92.48188312213898,68.35341991302283,100.0,31.646580086977167,100.0,1214584.966156862
6050029040,78.4675386691954,57.81799779693792,96.75965724344532,38.9416594465074,98.19829360895676,3894981.5180784296
6050029050,83.85317940005903,62.58160694098791,96.2920860927012,33.71047915171329,99.77438148958984,4323856.917098033
6050029580,70.0138009270606,35.03509651672388,95.25703678217404,60.22194026545016,99.1940624540469,1417606.2642352963
6050032110,80.33723273313821,66.97934427885546,95.78493404336687,28.80558976451141,99.19657021682288,1129033.7941960788
6050033560,6.912767337818651,0.0,20.57391104542723,20.57391104542723,42.47717211051253,2248128.722000003
6050034810,45.09430950824557,32.4796538840717,63.038527834896094,30.558873950824392,94.8247923572828,1148966.6484705897
6050040460,87.75387932887627,83.1932840287129,92.2223666458712,9.02908261715831,97.56503808534282,17872047.83360785
6050040470,59.74715193084606,37.56956676498008,82.73928014082348,45.1697133758434,98.2276528665304,15350425.366627496
6050040510,99.92437839930658,99.18158500983122,100.00000000000004,0.8184149901688187,100.0,5880259.721254916
6050040540,61.57728426306164,9.321412349579251,92.39495627736986,83.07354392779061,96.115786059091,3034723.26980393
6050040550,98.99969111201291,90.98604184959078,100.00000000000004,9.013958150409266,100.00000000000004,2866107.055725492
6050040590,96.17279545568856,83.25034430362362,100.0,16.74965569637638,99.99999999999991,2540391.3324705893
6050040710,27.380293355578345,7.478996561726182,77.12202707033669,69.64303050861051,88.60852160714636,9658560.31043137
6050040750,99.99999999999999,99.99999999999996,100.0,4.263256414560601e-14,100.0,2199877.2249803944
6050040790,100.00000000000001,100.0,100.00000000000004,4.263256414560601e-14,100.0,1023511.4594117652
6050040890,98.81109123835061,94.0278745905612,100.00000000000011,5.972125409438917,100.00000000000011,8543257.831764715
6050040900,99.92149185059863,99.11308774206653,100.0,0.8869122579334743,99.99999999999994,3475628.461215687
6050040910,99.9999994551671,99.99999346200504,100.00000000000004,6.537995005828634e-06,100.0,917712.5445490184
6050075390,17.884888741667385,0.019899831339384,49.932307830943365,49.91240799960398,76.43859560159426,1442114.301529413
6050075410,25.850975781252632,5.53837927630194,52.11166428174899,46.573285005447055,90.29236437433636,9270745.888000015
6050079250,44.764547394277876,0.0055590024859828,99.92114930408346,99.91559030159748,99.99999999999996,760890.495647059
6050079390,10.881277221163069,0.7406053652334326,37.315212175978594,36.57460681074516,73.70353070266016,1524143.3377647067
6050083060,50.08953616595969,0.0,98.9408392996314,98.9408392996314,99.908893911089,1421076.1513725517
6050084130,24.780440808382618,2.8848532790319776,59.06440064891982,56.17954736988784,88.860307096648,1747618.010823529
6050113660,6.4684729171673085,0.0,23.78733073839415,23.78733073839415,53.17276992466263,284679.00470588217
6050126730,43.41286154959692,2.276515613570806,97.95167474165036,95.67515912807956,98.16475807770782,523379.6155686274
6050129600,50.829081544850716,13.055396950020436,99.98945215726434,86.9340552072439,100.00000000000004,777776.7333333334
6050130490,25.568946005936937,0.1680378556382471,84.58078524242329,84.41274738678504,91.50100866876969,885335.7770196071
6050134450,46.64149869728834,0.0,100.00000000000004,100.00000000000004,100.00000000000004,1154.143607843137
6050134460,61.45179008357227,0.0,99.90541771591607,99.90541771591607,100.0,227522.68984313737
6050136450,44.13703107650511,3.0885438457970324,77.37536949417546,74.28682564837843,91.81854648609206,4109951.7678823546
6050154590,12.547824890986552,0.0,43.1556903109186,43.1556903109186,63.82217299470152,1002773.1619999992
6050154700,19.687201406984954,0.0,93.166108121904,93.166108121904,99.08843621033104,15086.016823529411
6050207660,35.460268926167906,2.2269217038308984,55.29175592371669,53.064834219885796,97.00940327918192,6452636.049999999
6050224360,30.74854736533784,3.33448771956468,75.42041083452472,72.08592311496004,97.03640262364688,13662109.05835294
6050224470,25.149278967994167,0.7749638974327542,77.88305420798763,77.10809031055487,95.97012551716796,3986655.928000001
6050247260,33.42803791286028,0.357746241456636,95.81442306918454,95.4566768277279,99.8442800239865,2855612.599450981
6050262220,30.800195419343293,2.8891589385046466,86.53212162755636,83.64296268905171,95.85256753391018,4286126.340235284
6050266340,37.95947045816688,0.0,99.05021064115095,99.05021064115095,99.9783480678669,402245.6760392147
6050266880,41.799861985781824,1.3177406187239278,98.5800104311182,97.26226981239427,99.9538128100612,19182347.966862734
6050315910,32.823625295707295,4.427493608515501,71.82582654940745,67.39833294089195,93.81222722642896,36743864.24968626
6050325820,46.97313392261206,0.0,100.00000000000024,100.00000000000024,100.00000000000028,5932980.66545098
6050337190,51.94840874503922,2.652193369521707,99.9991996324092,97.34700626288749,100.0,7879791.091568636
6050337320,53.816577080345176,0.161494367724263,99.99999999999956,99.8385056322753,99.9999999999996,14960525.314392151
6050389870,77.30061750180036,22.55333144556432,100.00000000000024,77.44666855443592,100.00000000000016,4940405.554627442
6050411440,52.352103051939714,0.1148565292473418,99.99999999999989,99.88514347075254,99.99999999999991,1366784.3431372547
6050425550,59.811797316749505,0.0125636386875635,100.00000000000004,99.98743636131248,99.99999999999994,7653965.015372534
6050441330,65.69889707124655,4.405734736590617,100.0,95.59426526340938,100.0,2616514.144431371
6050443080,56.63229979388595,0.0,99.99999999999994,99.99999999999994,99.99999999999994,671287.2236470586
6050451380,62.12317552637719,0.4708752029187658,100.00000000000011,99.52912479708135,99.99999999999989,6763993.832941163
6050457840,58.70042822771725,0.1946235270108866,100.00000000000004,99.80537647298915,100.00000000000004,1979375.873215685
6050491730,61.15060678470713,2.98686164946335,99.99999999999966,97.01313835053631,99.99999999999967,4854251.565960788
6050527670,74.12565448272171,1.9038636450381243,99.99999999999991,98.09613635496179,99.99999999999989,6376137.933764705
6050546240,68.78227571761083,0.3752588307240965,100.0,99.62474116927591,100.0,3111688.8243529373
6050551090,73.44608019634174,0.0087087916357182,100.00000000000004,99.99129120836433,100.0,1218640.0590196091
6050562010,83.46526204664139,11.747913279300109,100.0,88.2520867206999,100.0,3547869.8050588244
6050639920,82.25410595886076,3.0345555948655365,99.99999999999991,96.96544440513438,99.99999999999991,755584.6320392158
6050652910,80.50626202203858,23.580191512243417,99.99999999999996,76.41980848775654,99.99999999999996,2956240.681725497
6050674210,83.14958521745599,0.0,100.0,100.0,100.0,71934.52266666666
6050708820,92.61926016824377,57.618504065715214,100.00000000000009,42.38149593428487,100.0,714525.8959215684
6050710030,95.30678886088292,77.54693217379698,100.00000000000038,22.45306782620341,100.00000000000044,22472671.903019603
6050719760,74.51082382401673,11.713693191800486,100.0,88.28630680819951,100.0,2841768.1356078414
6050719850,77.51735133926606,13.087597858441365,99.9976354206694,86.91003756222803,100.00000000000004,2721323.0829803925
6050728580,95.39922147898733,59.15525142169857,100.00000000000004,40.84474857830147,100.00000000000004,1577728.8492549076
6050738860,98.41552620857577,84.93324707867644,100.00000000000004,15.066752921323598,100.00000000000004,3605880.6694117608
6050738870,95.72725986089075,54.94517396832165,100.0,45.05482603167835,100.0,1703155.636901962
6050757070,99.11327630431337,92.0572748391418,100.0,7.942725160858203,99.99999999999996,981868.7779215684
6050757160,93.38807312047203,47.43650459097689,100.00000000000009,52.5634954090232,100.00000000000004,96590.89262745096
6050757590,92.5324911254229,56.24912609111728,100.00000000000004,43.75087390888276,100.0,398243.9456470589
6050759380,94.59357096848733,35.12285162184752,100.00000000000009,64.87714837815255,100.00000000000004,287849.9159215681
6050760600,91.51926835877289,23.25247635078481,100.0,76.7475236492152,100.0,933299.6946666674
6050790160,97.96860953115079,84.28899320725301,100.00000000000028,15.71100679274727,100.0000000000002,28700888.55984313
6050793610,94.04313275614237,28.810640375656437,100.0,71.18935962434357,99.99999999999996,3190744.4990980444
6050808660,86.76672709627358,61.6631545635193,96.37270992423343,34.709555360714134,99.47691771902689,11746396.04282352
6050837910,97.32128575827011,68.04675807569943,100.00000000000009,31.953241924300656,100.00000000000004,4165706.028117639
6050852210,100.00000000000001,100.0,100.00000000000009,8.526512829121202e-14,100.00000000000004,766270.857098038
6050852400,100.00000000000001,100.0,100.00000000000004,4.263256414560601e-14,100.00000000000004,578.1541176470587
6050852410,99.70927563187809,96.51569168808057,100.00000000000004,3.4843083119194773,100.0,1702457.4036862734
6050869680,98.61402803202213,87.51230084183915,100.00000000000004,12.487699158160893,100.0,1773853.9641568642
6050887050,99.99999864824598,99.99998377895184,100.0,1.6221048156239704e-05,100.0,1109669.3506666666
6050892920,99.15573507819846,89.86882093838224,99.99999999999996,10.131179061617715,99.99999999999991,216279.5247058823
6050960610,96.65208816828836,68.41370926378067,100.0,31.586290736219325,100.0,1254193.18635294
7050000010,52.285779434156574,20.83031550369002,94.92626575282046,74.09595024913044,98.66803149624518,7263193.468901961
7050002400,60.56410832339341,21.53154444126804,99.83820673666884,78.3066622954008,99.99332785376136,834813.8366274503
7050002410,88.84861504769759,62.587728930797645,100.0,37.412271069202355,100.00000000000004,1096616.7637254882
7050002700,82.96666936900017,58.676850655236166,100.0,41.323149344763834,100.0,1889123.084156864
7050004220,82.44021692212989,22.42700992522994,99.99725411257094,77.570244187341,99.99725411257091,1094683.7803921574
7050004660,85.9331040246763,39.073999475141655,100.0,60.926000524858345,100.0,1920577.174235296
7050005410,89.45282296794862,48.01394827853586,100.00000000000009,51.98605172146423,100.00000000000009,387127.0949411762
7050005420,93.01017149146116,69.01933089744912,99.99894383732472,30.979612939875594,100.00000000000033,6510828.564784314
7050006910,93.02500908109094,70.20515544417911,100.00000000000004,29.79484455582093,100.0,1110670.5183529404
7050007210,97.30019710658473,78.48873042085049,100.00000000000004,21.511269579149555,99.99999999999996,1440348.8590980405
7050007220,98.85585205497999,88.05933812754762,100.00000000000004,11.940661872452424,100.00000000000004,473346.4879215693
7050008340,99.6952680076112,96.50961006365124,100.0,3.4903899363487625,100.0,3030873.883686276
7050008350,99.99999999999999,99.99999999999996,100.0,4.263256414560601e-14,100.0,595083.4787450983
7050008450,100.0,100.0,100.0,0.0,100.0,1480153.4302352928
7050008460,100.0,99.99999999999996,100.00000000000004,8.526512829121202e-14,99.99999999999996,1682379.631215683
7050008720,99.78845122447554,98.52836929804867,100.0000000000002,1.4716307019515256,100.0000000000002,9714343.871215696
7050012270,99.63442314432416,96.19739451482894,100.00000000000004,3.8026054851710995,100.0,526600.6874901961
7050012600,99.89197221268618,99.5213707470223,100.0,0.4786292529776972,100.0,1884748.1191372524
7050012950,99.98449542359951,99.8266450639625,100.0,0.17335493603749796,100.0,577717.4102745092
7050016260,70.12086395777966,2.545472432573249,100.0,97.45452756742675,99.99999999999996,3057512.904941173
7050016270,77.96514222381374,33.01544169828998,100.0,66.98455830171002,99.99999999999996,2975866.6335294032
7050016850,66.09531571619662,5.066538160791385,100.00000000000004,94.93346183920866,100.0,923317.8205882338
7050016860,77.43486918052112,8.052012776829033,100.0,91.94798722317097,100.0,912216.693411762
7050017140,72.21426635990058,0.1029833430963345,100.0,99.89701665690366,100.0,944333.6023921564
7050018020,72.16508876954187,36.519484214515664,100.00000000000004,63.48051578548438,100.0,1285264.921058823
7050018030,74.34157676552927,8.651941184660442,99.99999441701608,91.34805323235564,100.00000000000004,5731701.680470586
7050021550,83.40511132338345,32.697366203190775,99.99999999999996,67.30263379680918,100.0,1559328.2422745095
7050021690,93.3928047961234,38.851229777602,100.0,61.148770222398,100.0,2672825.16294118
7050021750,92.53816654740213,52.83419906238196,100.0,47.16580093761804,100.0,3342750.1895294087
7050022280,93.81131875548589,58.50491294645818,100.00000000000004,41.495087053541866,100.00000000000004,5397539.539882336
7050024290,91.88978433373875,26.55056616199809,100.00000000000004,73.44943383800195,100.0,24276.46470588236
7050024300,85.59356046969548,15.90883975028449,100.0,84.09116024971551,100.0,1102399.5767843165
7050025860,81.78027697933895,10.109145093256052,98.4801215233858,88.37097643012976,100.0,7206587.108000023
7050028080,90.23174041441081,54.61880207597664,100.0,45.38119792402336,100.0,2631779.9286666624
7050028420,93.15993449074419,74.39731692554268,100.0,25.602683074457318,100.0,2107764.736078424
7050028670,93.00240388455954,42.98933851219607,100.00000000000004,57.01066148780397,100.00000000000004,751213.4411764714
7050028680,82.45554093044197,38.95866933434965,99.90083837206572,60.94216903771607,100.00000000000009,9520648.457137257
7050029000,76.88669886815015,26.733450794929105,99.9999989179143,73.2665481229852,100.00000000000009,7393128.65788237
7050029010,67.63997518447779,0.6289124664807959,100.0,99.3710875335192,100.0,2888266.923176455
7050030610,90.40784886059033,28.21333260426021,100.00000000000004,71.78666739573984,99.99999999999996,965437.475882353
7050030880,90.96430623886043,39.63944997276973,100.00000000000009,60.36055002723035,100.00000000000004,247427.56172549012
7050032950,87.75636513105799,43.86644534513207,100.0,56.13355465486793,100.0,2589886.985019607
7050033110,75.83970383486025,3.425384515528803,100.0,96.5746154844712,100.0,2602188.0185097987
7050033480,85.10003634003057,19.88472397881466,99.99999999999996,80.1152760211853,99.99999999999996,1291989.5174117654
7050034000,83.22308399103171,64.78543345076524,100.0,35.21456654923476,100.0,7348145.253843136
7050035360,81.05165578793896,20.392981438693116,100.00000000000004,79.60701856130693,100.0,473649.8532941181
7050035370,81.75066472695453,17.557100602184722,100.00000000000009,82.44289939781537,100.0,354558.9320392159
7050035470,75.82034083595072,21.98163560196194,100.0,78.01836439803806,100.0,1790111.0152156863
7050035480,86.44249493824081,48.63567235455976,100.0,51.36432764544024,100.0,1437553.5837254885
7050035860,88.01499036256241,51.16991074699888,100.0,48.83008925300112,100.0,1720068.1780392155
7050039060,93.74140442905134,81.06935369870371,99.9859375790835,18.91658388037979,99.99999999999996,613550.1170980397
7050039170,97.86805943182155,93.66662443757366,100.0,6.33337556242634,100.0,2150564.900196081
7050041060,95.72420398636193,77.65882606041166,100.0,22.341173939588344,100.0,1223240.591098041
7050042240,92.6423448601912,54.26469898275037,100.00000000000004,45.735301017249675,100.0,1500944.802078428
7050043500,87.29311249733496,32.15604646243249,100.0,67.8439535375675,99.99999999999996,3279261.4663529447
7050045890,88.09126470678684,44.385027082952114,99.99999999999984,55.61497291704773,99.99999999999989,6012008.1482353145
7050048310,88.239965014017,38.39499699042305,100.00000000000009,61.60500300957703,99.99999999999996,494216.48113725416
7050050000,71.34954343892711,33.17878687755663,98.91502055635704,65.7362336788004,99.99505468855772,4554093.7163529415
7050050650,73.20299771939136,16.658036571862752,99.99968819480472,83.34165162294197,99.99999999999991,3547086.5043921648
7050050930,66.90946645739008,30.30730111721297,91.83849636698056,61.53119524976759,99.95318930770696,21988973.462431382
7050054070,21.294503869288622,9.003352827984372,50.38657532039223,41.38322249240786,88.34302219746635,2561910.5461568586
7050055520,99.66786683928132,96.01440207137624,99.99999999999996,3.9855979286237186,99.99999999999996,150042.22972549027
7050055710,96.61752389963539,70.68087669087954,99.70108611903945,29.0202094281599,99.70108611903945,32020.88254901961
7050059430,95.08061118236533,79.55037714259862,100.0,20.44962285740138,100.0,515687.4681176469
7050059690,80.74507902588243,5.6487384718106455,99.99999999999996,94.35126152818931,99.99999999999996,112949.97733333347
7050059960,64.94355786971083,0.0,100.0,100.0,100.0,187759.06658823535
7050059990,65.00502085058962,0.0,99.99999999999996,99.99999999999996,100.0,1273049.8594117626
7050063050,87.64106627607488,0.0678741947367803,100.0,99.93212580526323,100.0,426155.0287843131
7050063060,74.07156210729829,18.61408642481216,99.9999967192784,81.38591029446624,100.0,1828865.951803921
7050064730,91.69652980196157,34.60760000274472,100.0,65.39239999725528,99.99999999999996,531714.3043529418
7050069670,69.79348876544148,23.16996126942214,99.77344773954624,76.6034864701241,99.99999999999996,308392.5071764707
7050070790,77.70906875014737,66.40398113868274,91.60569632980908,25.20171519112634,99.45272389557448,8085908.237176472
7050073700,92.54340224385591,71.46155435613149,100.0,28.538445643868513,100.0,5044856.676078431
7050073710,99.88650085052107,98.7650711366781,99.99999999999982,1.2349288633217128,99.9999999999998,3195864.074000012
7050073760,90.8478436091787,51.28860100536821,99.99999999999991,48.71139899463171,99.99999999999996,3804820.795215685
7050073790,98.18795908528723,91.6831428155942,100.0,8.316857184405805,100.0,1644770.2589803897
7050073810,98.60251475721644,88.06661333270435,100.0,11.93338666729565,99.99999999999989,6184646.778117648
7050073830,95.65493592236577,83.37062240525374,99.99865158302023,16.628029177766493,100.0,7770753.293294141
7050073880,98.33474413474543,88.74567865808838,100.0,11.25432134191162,99.99999999999996,3069037.809764706
7050074030,99.54397688933359,95.60074991757104,100.00000000000004,4.399250082429006,100.0,718664.5432156856
7050074080,99.97319842544069,99.84308427963586,100.00000000000004,0.15691572036418222,100.00000000000004,2604464.702156862
7050074110,97.56855367662244,77.98644738930447,100.0,22.013552610695527,100.00000000000004,683240.1268627451
7050074380,99.9596010593563,99.73672965029952,100.00000000000004,0.26327034970051955,100.0,627507.3460392158
7050074660,98.98505622368452,88.95246416186207,100.00000000000004,11.047535838137975,100.0,468170.989803922
7050075110,100.00000000000001,99.99999999999996,100.00000000000004,8.526512829121202e-14,100.00000000000004,530087.3067843127
7050112130,76.39270105279603,26.10744562924611,99.99999999999991,73.8925543707538,99.99999999999991,7455273.259686267
7050121880,77.66360654461215,8.980562887903018,99.999861191388,91.01929830348499,99.99999999999986,3688531.9517647102
7050129240,89.16274865668156,32.41466551681992,100.0,67.58533448318008,100.00000000000009,5496850.612980399
7050132870,93.49187409365284,61.450649087193874,100.0,38.549350912806126,99.99999999999986,3607102.087999999
7050137520,99.25120829465811,95.5967119147789,100.0,4.4032880852211065,100.0,335317.3478039216
7050142610,91.49293067091413,62.87463197756404,99.99999999999989,37.12536802243584,99.99999999999982,12876535.86713726
7050144640,90.49283039220863,61.56858195192383,99.98436098267116,38.41577903074733,100.00000000000009,4808889.22745099
7050145540,86.39214631626562,29.25919452671933,100.0,70.74080547328067,100.0,7752366.891254901
7050146310,97.2563480007134,86.23485742052351,100.00000000000004,13.765142579476532,100.00000000000004,762291.2885882367
7050146370,95.89283415319619,82.98274973653072,100.00000000000004,17.01725026346932,100.0,2541543.976627447
7050159950,94.07657710233133,41.89587435190904,100.0,58.10412564809096,100.0,1184009.6169019605
7050163780,87.8823835697192,42.29641090511942,100.0,57.70358909488058,100.0,3069504.4887058674
7050184580,97.01639999930524,85.92787289881392,99.99999999999996,14.072127101186041,100.0,1361952.4688235286
7050191640,89.18890355043301,47.1723535365207,100.00000000000011,52.82764646347941,100.00000000000011,4026820.084352938
7050191700,96.57127422939254,83.61087178607345,100.0,16.389128213926554,100.0,1993416.9932548995
7050192420,91.83211812686994,56.23323687887476,99.99147626030847,43.75823938143371,100.0,14379486.520745091
7050192440,90.5193997803969,70.07699623464357,100.0,29.923003765356427,100.0,1523110.483254903
7050192750,95.49239002974117,51.79082818810458,100.0,48.20917181189542,100.0,454574.8477647061
7050192890,90.81989219381371,70.06409106307152,100.00000000000009,29.93590893692857,100.00000000000009,2042389.093921572
7050194860,94.6170542580503,58.04888122126767,99.99999999999996,41.95111877873229,99.99999999999996,3839890.543372554
7050194980,94.93355680215241,71.53901083501667,100.00000000000004,28.460989164983374,99.99999999999996,6053583.089294116
7050203140,72.08572287558391,42.53978142543624,99.99999724234678,57.46021581691054,100.0,2175763.061058821
7050206690,94.36969492060263,83.49903110744758,99.987529842743,16.488498735295423,99.99999999999972,8546403.850862755
7050208540,95.6162369429788,86.83863327048566,99.99999999999996,13.161366729514299,99.99999999999996,4876511.376313716
7050217780,90.2775115048313,34.51287210850951,100.0,65.48712789149049,99.99999999999996,322600.4867450981
7050217900,95.66779946221398,66.5947705696849,100.0,33.4052294303151,100.0,1653875.7380392198
7050234040,88.36385143453208,66.99227951361155,100.00000000000004,33.00772048638849,100.0,3197293.6008627405
7050234050,84.31281695227693,49.56672094054099,99.99516738044323,50.428446439902245,99.99999999999996,4216368.709137257
7050237270,91.47431930318533,74.47746594086286,99.9999976983841,25.52253175752125,100.0000000000006,5648205.761372518
7050237380,89.63320781845296,63.31540155334007,100.0,36.68459844665993,100.0,3536620.044
7050250980,90.39583328450698,59.81854676273721,100.00000000000004,40.18145323726283,100.00000000000004,2005439.8458039227
7050250990,87.8873503872963,64.60280331035226,99.68318621369116,35.0803829033389,99.99999999999984,21540033.568823565
7050251370,87.40105020377251,67.60200713403093,99.84921519217671,32.24720805814579,99.99999999999972,7987624.176862774
7050256540,94.00216123985452,75.15653117349149,99.97473572789146,24.81820455439997,99.99999999999996,8161487.273725485
7050256690,95.26942271888868,69.19220845128736,100.0,30.807791548712643,99.99999999999994,2780589.721725493
7050274850,82.02858206005872,51.97819883495684,99.99996118428636,48.02176234932952,99.99999999999996,2550513.458901956
7050274860,75.83858094182825,14.281474154749557,99.94736699138642,85.66589283663686,100.00000000000016,8859763.33639216
7050282720,84.29563833099515,51.09423239202256,99.9974067464571,48.90317435443454,100.0,3947936.378196089
7050282770,90.73544909964859,66.01358772600838,99.99999999999996,33.986412273991576,99.99999999999996,4431540.41984314
7050284470,84.1442304803232,0.0,100.00000000000004,100.00000000000004,100.00000000000004,26779.5065882353
7050298200,57.26512181247791,3.2203926752621874,99.9999945537098,96.77960187844761,99.99999999999984,5875559.292862751
7050305410,75.98023333233515,6.072941353466278,100.00000000000004,93.92705864653377,100.00000000000004,9953132.558941176
7050329370,76.21127342187047,29.057357967648382,99.9879466947619,70.93058872711352,100.0,3289794.563058818
7050332680,87.90059719313865,65.71140813203785,99.99998928446564,34.288581152427795,100.00000000000004,25714911.6719216
7050334780,77.2413157063263,46.24450376960733,100.00000000000004,53.755496230392716,100.00000000000004,2784236.4238039195
7050334790,82.89869632679232,39.00322316814956,99.99999999999996,60.9967768318504,99.99999999999996,2578139.4561960786
7050335300,87.57956422387643,49.84710105812009,99.90988549752856,50.062784439408475,99.99999999999996,8672212.18384315
7050337970,82.11801020507286,7.587328935733148,100.0,92.41267106426685,100.0,649651.2151372551
7050343590,89.38910037124731,53.14579223686591,99.99999999999991,46.854207763134006,99.99999999999991,1507759.740980394
7050343690,83.33333333333331,0.0,100.0,100.0,100.0,6391.116313725491
7050354140,86.8253337861719,35.95210129546804,99.8797677616178,63.92766646614976,99.99999999999996,4645509.45333333
7050374800,90.33231109867005,69.3543589651567,99.96666995292568,30.61231098776898,100.0,6266420.498313741
7050379430,77.74486905349126,11.869463328176288,99.99999999999989,88.13053667182359,99.99999999999972,7455528.74470589
7050415850,91.50747591901693,69.42588074120326,99.999998390064,30.574117648860735,100.0,7453712.627568657
7050419360,92.35761598758717,60.83049007751769,100.00000000000011,39.169509922482426,100.00000000000011,9088779.980549024
7050444390,86.43615532696043,41.661877842047055,100.0,58.338122157952945,100.0,1430985.3570980378
7050450430,74.99999999999999,0.0,100.0,100.0,100.00000000000004,20746.52698039216
7050453930,84.1134485713395,27.412728599029546,100.00000000000004,72.5872714009705,100.00000000000004,3396902.728745096
7050466690,86.52633279403376,43.21752878261154,100.00000000000004,56.782471217388505,100.0,1192954.6949803925
7050511950,86.79411388325174,67.95869118145916,99.53794824164088,31.579257060181718,100.00000000000009,22789160.622705832
7050512060,92.16982206085653,54.12439569440232,100.00000000000004,45.875604305597726,100.00000000000004,4421776.89521569
7050526960,88.38757575521423,14.025356910591984,100.0,85.97464308940802,100.00000000000004,1100303.837803922
7050562040,97.9627345292693,76.47366594891906,99.99999999999994,23.52633405108088,99.9999999999999,4638147.118431376
7050566090,96.0714279864123,88.28669691955025,100.00000000000004,11.71330308044979,100.0,3269439.071960784
7050569580,99.58373565724332,97.44821384180466,100.00000000000009,2.5517861581954264,100.00000000000016,4862441.932980379
7050609610,97.22555980154128,76.25229086508236,100.0,23.747709134917642,99.99999999999996,1046453.1109411768
7050610760,96.3561363459681,74.5566564378268,100.00000000000004,25.44334356217324,100.0,13522.447843137252
7050629520,99.56674147896194,94.80113110735353,100.0,5.198868892646473,100.0,34281.8242745098
7050629700,98.2340219400567,85.20216359961665,100.00000000000004,14.797836400383389,100.00000000000004,952929.9264705888
7050647770,98.40474308085062,86.78175336838663,100.00000000000004,13.218246631613411,100.00000000000009,98582.52384313724
7050668250,98.43920245207302,83.93459221348213,100.00000000000004,16.06540778651791,100.0,779445.6918039218
7050675400,99.75906905215923,98.96171927190484,100.00000000000004,1.0382807280952022,100.0,2499458.176078431
7050683900,94.32035312867345,69.04565701060696,100.0,30.95434298939304,100.0,2515259.8224313776
7050689550,97.79358953363699,85.09674992350277,100.00000000000004,14.903250076497272,100.00000000000004,1310429.1254901951
7050694250,100.00000000000001,100.0,100.00000000000004,4.263256414560601e-14,100.0,35829.29266666667
7050696350,99.93172832017474,99.18245790388886,100.0,0.8175420961111399,100.0,1882935.7683529423
7050701650,97.47656578932941,79.53338675297432,99.99999999999991,20.46661324702559,99.99999999999991,782445.3603137265
7050702590,95.96917211386612,74.91496895973133,100.0,25.085031040268674,99.99999999999996,1241905.6739607838
7050707810,99.98507103276124,99.88140888226516,99.99999999999996,0.1185911177347947,99.99999999999991,4584445.976509802
7050712470,82.64002935256815,14.377374604225333,100.0,85.62262539577466,100.0,1454109.116431373
7050715800,90.95262929145856,41.16407532094786,100.00000000000004,58.835924679052184,99.99999999999996,733104.5056862746
7050718740,99.99680693410541,99.97687211262291,100.00000000000004,0.023127887377128786,100.0,1442500.971058824
7050730500,99.63470249101904,97.9189466787203,100.00000000000004,2.0810533212797395,100.0,2048011.2961176457
7050736840,93.4782274527405,60.26858986172857,100.0,39.73141013827143,100.0,4859912.851450992
7050737080,97.91952163518586,86.2375233214674,100.0,13.762476678532593,100.0,947144.0128627452
7050739170,85.15781439984963,36.06188219298344,100.00000000000044,63.938117807017,100.00000000000044,6237810.090980364
7050739180,85.483256941915,30.12285474675182,100.0,69.87714525324819,100.0,1135867.2610980389
7050741760,81.70881531265483,8.711751733423945,100.00000000000004,91.28824826657609,99.99999999999996,50434.30917647059
7050741770,88.02043020447724,68.25285332850979,100.0,31.747146671490214,100.0,6780646.443725495
7050744170,83.92128914831135,14.539845858328668,100.00000000000004,85.46015414167138,100.0,2315260.17043138
7050752460,86.41155858451323,18.21077255870223,100.0,81.78922744129777,100.0,667214.1654901966
7050761700,99.18281138803638,96.02075613900074,100.0,3.9792438609992615,99.99999999999996,6779021.171529436
7050763030,98.06171209074675,91.42537071843496,99.9999999999999,8.574629281564938,99.99999999999996,8328875.135529431
7050820630,87.32324006754779,63.32182325067384,99.90291965269884,36.581096402025004,100.0,1893372.4892156872
7050820700,56.88728936806183,13.201230800218692,99.43001277217876,86.22878197196006,99.99999999999996,616151.0818431373
7050822270,80.48854568340282,42.14729448281075,99.8397456738754,57.69245119106465,99.99168966350584,4698096.729725489
7050822930,96.123861785526,81.00799525702766,100.0,18.99200474297234,100.0,1925933.679333329
7050823010,97.74493950544422,88.72900364558683,100.0,11.270996354413171,100.0,435541.9286666664
7050824100,85.2049304636751,35.8618752447175,100.0,64.13812475528249,100.00000000000004,1263865.5854901953
7050829810,91.28403204320917,52.92626821687545,100.0,47.07373178312455,100.0,2479070.361372545
7050831470,84.25958377545878,37.70033542433794,100.0,62.29966457566206,100.0,1302274.882431373
7050831510,86.2077395316383,57.81257387354103,99.95997102518238,42.14739715164136,100.0,1819906.7133725504
7050849640,87.16580726561642,54.00366162527143,100.00000000000004,45.996338374728616,100.00000000000004,1425717.4323921555
7050854410,82.49635215248513,5.4415286913003,99.90586843779076,94.46433974649045,99.99679539238228,1014164.7239607836
7050854440,85.63678510687396,13.32797367836416,99.94577871044356,86.6178050320794,99.9989565634816,1372204.0755294105
7050855570,73.99712576456342,32.76354457165508,100.0,67.23645542834493,99.99999999999996,755778.7772549024
7050863310,55.783409717632395,0.0,100.0,100.0,100.00000000000004,22982.64294117647
7050864080,69.45779169128856,30.6982653831914,98.48409452368196,67.78582914049056,100.00000000000004,1381070.6236470586
8050009560,74.38565699982114,0.0,100.0,100.0,100.00000000000004,1134047.8563529404
8050010200,69.86242589508413,0.0,100.0,100.0,100.0,6500837.329411763
8050010700,72.85774039971467,0.0,100.00000000000004,100.00000000000004,100.00000000000004,9755626.263725484
8050011270,65.71536590394327,0.0,99.99999999999991,99.99999999999991,100.00000000000004,7751178.394431396
8050011810,66.48914201738508,0.0,99.9999999999996,99.9999999999996,99.99999999999984,9904837.41654902
8050014740,67.99914285522048,0.0,100.00000000000004,100.00000000000004,100.0,307314.97305882326
8050014820,65.5230415773294,0.0,99.99999999999989,99.99999999999989,99.99999999999989,12241238.249999993
8050018120,74.18295007242911,0.0,100.0,100.0,99.99999999999996,481050.1471764709
8050018140,86.84989104055738,0.0,100.00000000000009,100.00000000000009,100.00000000000009,4656114.238313723
8050018730,80.53961075542003,0.0,100.00000000000004,100.00000000000004,100.00000000000004,4998490.959254897
8050018740,78.79838636877776,0.0,100.0,100.0,99.99999999999991,6747977.489019611
8050022890,65.39047405490021,0.0,100.0000000000002,100.0000000000002,100.00000000000009,24123675.418627437
8050024240,67.85501737889984,0.0,99.99999999999994,99.99999999999994,99.99999999999994,12569042.262588242
8050025660,59.039402951656605,0.0,100.00000000000009,100.00000000000009,100.0,17598270.696078487
8050026860,66.62076808399682,0.0,99.99999999999996,99.99999999999996,100.00000000000004,16895991.38811766
8050028930,67.38315739329825,0.0,100.00000000000044,100.00000000000044,100.0000000000002,11815052.310352895
8050033310,63.218930597152045,0.0,100.0,100.0,100.0,1860846.9984313708
8050034170,54.64326739381871,0.0,100.0,100.0,100.0,1557506.6239999984
8050042230,55.18048082628915,0.0,100.00000000000028,100.00000000000028,100.00000000000028,16017865.864078436
8050043890,70.20534333897005,0.0,100.0,100.0,100.0,2526519.105450982
8050047690,63.58232679419353,0.0,100.0,100.0,100.0,643098.9734901955
8050049610,57.91099322667072,0.0,100.0,100.0,100.0,1063315.450509804
8050049710,57.241927939618925,0.0,100.00000000000048,100.00000000000048,100.00000000000011,22196487.176078435
8050056990,39.28006922714042,0.0,81.30327843821331,81.30327843821331,81.60036217607139,2555439.035019608
8050057510,52.29904840869808,0.0,100.0,100.0,100.0,6078175.118078436
8050122100,66.75868686375038,0.0,99.11778359168515,99.11778359168515,100.00000000000009,5460002.870235285
8050129330,68.43562036754669,0.0,99.99999999999996,99.99999999999996,99.99999999999996,5872153.526078421
8050148430,76.36460065385253,0.0,100.00000000000004,100.00000000000004,100.00000000000004,4368829.468784317
8050148510,80.51776567124398,0.0,100.00000000000004,100.00000000000004,100.00000000000009,3612511.406509804
8050155560,78.097347825125,0.0,100.00000000000004,100.00000000000004,100.00000000000004,2627261.315490199
8050155650,84.34512383876488,0.0,100.00000000000004,100.00000000000004,100.0,6827693.559647062
8050159820,63.187779478205066,0.0,100.00000000000004,100.00000000000004,100.00000000000004,974429.068823528
8050170460,80.09896501494943,0.0,100.0,100.0,100.0,1522181.731137256
8050177260,67.73277516197946,0.0,100.00000000000004,100.00000000000004,99.99999999999996,4609261.722745101
8050201110,73.20153331137875,1.0422139812363924,99.8999369798948,98.85772299865842,99.99999999999976,15936148.826196078
8050219130,59.99416047966764,0.0,93.38034184892994,93.38034184892994,100.00000000000004,11548466.135803867
8050221500,63.637035357174945,0.0,96.02179549942863,96.02179549942863,99.53754651305128,10185261.088549027
8050221510,70.52172923635659,0.0,100.0,100.0,100.0,1100379.3726666667
8050227070,78.70126151000188,0.0,100.00000000000004,100.00000000000004,100.0,1719631.523137255
8050231190,64.33744659133394,0.0,97.92952843266448,97.92952843266448,100.00000000000011,10985920.397254886
8050231240,68.89828207770863,0.0,99.97705950455496,99.97705950455496,100.00000000000004,3867745.586078436
8050231700,74.44028212401382,0.0,99.96453890685063,99.96453890685063,100.0,2433032.7222745093
8050246160,81.23540903637324,0.0,99.99999999999996,99.99999999999996,99.99999999999989,4352985.993176469
8050261040,86.09993497076304,0.0,100.0,100.0,100.0,1853704.9678431388
8050262310,79.98797806931454,0.0,100.00000000000004,100.00000000000004,100.00000000000004,19337756.3678432
8050262400,88.6989190798691,0.0,100.00000000000004,100.00000000000004,99.99999999999996,193209.4103921568
8050264670,82.63650940232999,0.0,100.00000000000004,100.00000000000004,99.99999999999996,27707.662666666674
8050266430,84.67043013467485,0.0,99.99999999999996,99.99999999999996,100.0,36491.84611764707
8050269310,90.27905371089291,0.0,100.0,100.0,100.0,1677632.0994901948
8050298770,69.35151397887402,4.344562556594159,99.99850461375412,95.65394205715997,99.99999999999996,9618607.482196074
8050307380,94.56288496555219,76.46875965294464,99.99999999999991,23.531240347055274,99.99999999999989,4236335.137607851
8050315230,95.87586079287057,73.74420312707024,100.0,26.255796872929764,100.0,7168508.140078428
8050327990,98.09187666132699,89.4949294826389,100.0,10.505070517361105,100.0,4979946.401607853
8050331980,87.57151171405796,57.82391360089437,99.97959971997736,42.155686119082986,100.00000000000011,8936347.922470586
8050333190,57.270628846775764,23.803705573057087,99.86065686696762,76.05695129391053,100.00000000000004,7928733.006039208
8050333260,74.90798592845171,24.709958327572064,98.69446227554758,73.98450394797551,100.0,3964196.809803922
8050338740,93.8759456090566,65.45172510415802,100.00000000000004,34.54827489584203,100.00000000000004,3544526.5810588216
8050338780,83.89372129165484,60.89718729921436,99.98242833602906,39.0852410368147,99.99999999999989,8757565.604235291
9050010560,69.92269976115125,0.0,100.0,100.0,99.99999999999991,693653.8265490192
9050010670,68.74019068818876,0.0,100.00000000000004,100.00000000000004,99.99999999999996,745365.6860784324
9050010680,68.32362472919233,0.0,100.0,100.0,100.00000000000004,3950959.7694901926
9050011230,71.46137858312903,0.0,100.00000000000004,100.00000000000004,100.00000000000004,2661522.594000002
9050011530,72.87397778670514,0.0,100.00000000000004,100.00000000000004,99.99999999999996,2455112.363490189
9050011740,51.81312864773961,0.0,99.99999999999989,99.99999999999989,99.99999999999991,22613887.10368628
9050014800,56.150486467907825,0.0,100.00000000000004,100.00000000000004,100.0,32662073.77819611
9050014810,55.96685149740623,0.0,100.00000000000004,100.00000000000004,100.00000000000004,13436296.62239216
9050015210,53.73717571452766,0.0,100.00000000000011,100.00000000000011,100.00000000000011,17697871.1332549
